,date,open,close,high,low,volume,code
0,2018-01-02,594.559,598.409,604.719,584.449,49612.0,600519
1,2018-01-03,596.059,610.419,615.959,594.299,52019.0,600519
2,2018-01-04,615.959,631.629,638.059,613.889,72205.0,600519
3,2018-01-05,635.559,632.919,640.589,622.779,39989.0,600519
4,2018-01-08,629.579,646.689,651.059,629.579,52204.0,600519
5,2018-01-09,646.769,677.079,677.559,646.769,64591.0,600519
6,2018-01-10,679.559,680.269,683.439,668.039,47714.0,600519
7,2018-01-11,681.559,669.369,682.559,666.559,50656.0,600519
8,2018-01-12,668.329,682.979,683.359,661.579,45988.0,600519
9,2018-01-15,688.019,679.929,693.619,673.579,52473.0,600519
10,2018-01-16,675.039,667.499,683.169,662.559,65428.0,600519
11,2018-01-17,664.559,642.489,668.559,633.069,90709.0,600519
12,2018-01-18,642.489,645.299,659.559,638.649,58978.0,600519
13,2018-01-19,647.459,644.739,653.459,633.579,50925.0,600519
14,2018-01-22,646.369,668.199,668.559,646.369,67126.0,600519
15,2018-01-23,672.369,668.339,674.559,663.159,49549.0,600519
16,2018-01-24,670.999,659.019,671.019,653.159,43298.0,600519
17,2018-01-25,655.559,663.719,670.559,645.559,50040.0,600519
18,2018-01-26,661.799,671.779,671.959,658.559,43978.0,600519
19,2018-01-29,673.319,630.879,674.229,629.559,74535.0,600519
20,2018-01-30,630.559,636.639,643.329,624.579,51911.0,600519
21,2018-01-31,633.559,659.099,666.269,633.559,60402.0,600519
22,2018-02-01,661.559,652.289,661.859,647.479,50582.0,600519
23,2018-02-02,646.779,634.959,647.789,619.559,75420.0,600519
24,2018-02-05,621.779,612.789,624.519,600.159,98995.0,600519
25,2018-02-06,597.559,603.419,617.159,597.559,88168.0,600519
26,2018-02-07,614.559,577.989,618.439,576.569,88289.0,600519
27,2018-02-08,576.759,595.549,612.559,576.759,83409.0,600519
28,2018-02-09,574.559,577.989,584.449,552.559,105578.0,600519
29,2018-02-12,585.559,592.039,600.059,579.759,64179.0,600519
30,2018-02-13,599.579,606.539,609.379,599.059,53389.0,600519
31,2018-02-14,614.559,613.009,614.559,606.779,30652.0,600519
32,2018-02-22,621.859,637.009,638.559,617.799,50764.0,600519
33,2018-02-23,641.559,637.039,651.119,631.559,38158.0,600519
34,2018-02-26,641.439,638.069,646.609,627.579,43658.0,600519
35,2018-02-27,643.559,632.539,650.559,631.779,42601.0,600519
36,2018-02-28,626.559,620.179,636.859,613.559,48330.0,600519
37,2018-03-01,622.559,636.529,641.409,618.329,44794.0,600519
38,2018-03-02,632.559,630.969,638.119,624.559,25991.0,600519
39,2018-03-05,632.739,614.669,636.559,611.589,37234.0,600519
40,2018-03-06,619.559,612.819,622.159,591.689,64570.0,600519
41,2018-03-07,609.559,604.599,618.559,603.549,34595.0,600519
42,2018-03-08,608.559,617.319,618.559,602.559,35349.0,600519
43,2018-03-09,622.109,622.759,627.129,618.059,30171.0,600519
44,2018-03-12,624.109,618.509,628.479,617.329,39888.0,600519
45,2018-03-13,617.559,604.909,621.159,604.559,38577.0,600519
46,2018-03-14,604.229,621.439,622.639,601.779,37355.0,600519
47,2018-03-15,622.579,641.029,641.559,622.579,56148.0,600519
48,2018-03-16,642.159,634.409,648.539,633.439,35855.0,600519
49,2018-03-19,638.529,648.039,648.549,633.559,38666.0,600519
50,2018-03-20,644.559,642.289,646.559,634.559,28877.0,600519
51,2018-03-21,644.669,636.559,647.669,634.559,26742.0,600519
52,2018-03-22,638.559,620.639,642.559,618.569,37486.0,600519
53,2018-03-23,595.559,605.619,618.049,594.639,52546.0,600519
54,2018-03-26,602.559,608.049,609.619,596.439,46256.0,600519
55,2018-03-27,617.559,609.299,620.439,598.559,47548.0,600519
56,2018-03-28,594.529,576.609,597.559,563.559,113539.0,600519
57,2018-03-29,576.759,583.659,592.409,552.969,79081.0,600519
58,2018-03-30,580.559,578.179,588.059,574.439,36540.0,600519
59,2018-04-02,574.559,574.619,585.559,568.669,32039.0,600519
60,2018-04-03,572.559,572.469,581.559,569.949,40235.0,600519
61,2018-04-04,576.559,588.569,594.989,574.939,56891.0,600519
62,2018-04-09,591.659,592.859,599.989,584.709,30833.0,600519
63,2018-04-10,599.359,602.579,603.059,593.019,32043.0,600519
64,2018-04-11,604.559,599.919,609.339,597.579,25723.0,600519
65,2018-04-12,598.559,588.759,601.439,586.779,30713.0,600519
66,2018-04-13,593.059,581.419,595.559,579.639,27549.0,600519
67,2018-04-16,575.139,575.939,581.409,571.559,32939.0,600519
68,2018-04-17,579.559,560.759,579.939,560.159,35172.0,600519
69,2018-04-18,565.559,550.199,565.559,539.559,62616.0,600519
70,2018-04-19,554.409,574.519,574.559,551.219,44207.0,600519
71,2018-04-20,575.559,564.819,588.559,562.789,41511.0,600519
72,2018-04-23,560.569,568.569,574.889,560.569,32659.0,600519
73,2018-04-24,570.559,584.439,588.059,569.559,47282.0,600519
74,2018-04-25,583.559,585.529,586.559,577.579,25252.0,600519
75,2018-04-26,586.559,572.789,586.839,567.559,35047.0,600519
76,2018-04-27,579.809,557.089,582.919,549.559,57915.0,600519
77,2018-05-02,554.559,562.389,563.549,539.619,70259.0,600519
78,2018-05-03,560.559,565.439,568.239,552.559,36326.0,600519
79,2018-05-04,565.539,557.429,569.389,555.129,37375.0,600519
80,2018-05-07,554.509,592.729,596.439,552.329,85591.0,600519
81,2018-05-08,592.589,603.389,606.689,592.589,62497.0,600519
82,2018-05-09,603.639,596.509,606.859,591.679,32331.0,600519
83,2018-05-10,598.059,608.749,610.559,598.059,39293.0,600519
84,2018-05-11,613.249,612.579,625.059,610.259,39141.0,600519
85,2018-05-14,618.559,636.969,637.559,618.559,51014.0,600519
86,2018-05-15,640.559,637.619,640.999,628.559,38055.0,600519
87,2018-05-16,634.559,629.079,640.219,627.839,30795.0,600519
88,2018-05-17,629.679,621.939,632.059,618.559,28517.0,600519
89,2018-05-18,618.549,633.879,635.559,615.749,29255.0,600519
90,2018-05-21,638.559,629.379,641.859,627.039,29059.0,600519
91,2018-05-22,629.779,634.129,634.399,624.579,16998.0,600519
92,2018-05-23,634.559,618.339,634.559,618.139,28268.0,600519
93,2018-05-24,614.559,609.959,623.219,607.559,30416.0,600519
94,2018-05-25,606.559,611.419,621.559,606.559,26511.0,600519
95,2018-05-28,612.559,634.959,635.219,609.679,42805.0,600519
96,2018-05-29,633.359,625.989,644.559,625.839,40820.0,600519
97,2018-05-30,621.779,620.429,631.859,614.609,37147.0,600519
98,2018-05-31,624.809,645.689,646.179,624.799,71852.0,600519
99,2018-06-01,645.689,639.669,649.539,633.319,36177.0,600519
100,2018-06-04,646.909,676.529,677.459,640.439,73805.0,600519
101,2018-06-05,681.059,682.609,689.259,671.789,52629.0,600519
102,2018-06-06,682.559,680.309,695.509,676.859,48969.0,600519
103,2018-06-07,684.539,675.529,690.109,673.459,39167.0,600519
104,2018-06-08,674.559,672.509,680.459,664.559,34958.0,600519
105,2018-06-11,670.609,670.289,680.559,662.889,36547.0,600519
106,2018-06-12,672.559,693.749,698.059,671.059,55287.0,600519
107,2018-06-13,694.559,684.889,697.179,683.439,35244.0,600519
108,2018-06-14,684.559,680.689,688.359,669.739,36159.0,600519
109,2018-06-15,678.758,678.888,684.138,674.658,31707.0,600519
110,2018-06-19,674.558,643.558,674.558,642.558,60195.0,600519
111,2018-06-20,646.558,669.148,670.558,646.558,45838.0,600519
112,2018-06-21,670.778,664.878,684.448,664.328,39182.0,600519
113,2018-06-22,659.558,672.088,672.558,655.558,28854.0,600519
114,2018-06-25,671.558,671.118,684.528,670.458,32934.0,600519
115,2018-06-26,670.868,660.358,675.438,652.558,46577.0,600519
116,2018-06-27,657.558,627.998,662.558,626.558,57298.0,600519
117,2018-06-28,619.558,616.488,624.558,602.558,50833.0,600519
118,2018-06-29,617.858,637.018,637.858,610.558,32929.0,600519
119,2018-07-02,640.078,617.108,644.888,608.558,37558.0,600519
120,2018-07-03,615.318,600.478,621.338,583.788,82837.0,600519
121,2018-07-04,597.558,596.468,605.558,593.558,37990.0,600519
122,2018-07-05,605.558,607.948,621.758,605.558,47123.0,600519
123,2018-07-06,612.558,619.678,626.488,604.818,44156.0,600519
124,2018-07-09,625.588,632.798,635.418,625.288,40572.0,600519
125,2018-07-10,634.558,631.318,637.058,618.888,29010.0,600519
126,2018-07-11,615.558,625.138,629.558,607.778,24278.0,600519
127,2018-07-12,623.558,643.098,646.728,623.558,40170.0,600519
128,2018-07-13,647.858,652.548,653.658,640.678,28907.0,600519
129,2018-07-16,657.858,660.238,669.668,656.588,32474.0,600519
130,2018-07-17,662.558,647.988,662.558,641.578,27806.0,600519
131,2018-07-18,647.988,642.998,655.248,640.558,24521.0,600519
132,2018-07-19,644.558,646.508,649.508,640.578,18078.0,600519
133,2018-07-20,647.058,646.688,648.688,633.558,30548.0,600519
134,2018-07-23,641.558,637.628,646.708,625.568,35969.0,600519
135,2018-07-24,638.238,650.958,652.858,628.558,41808.0,600519
136,2018-07-25,652.508,649.368,655.438,645.568,21743.0,600519
137,2018-07-26,654.458,641.178,654.458,639.788,23067.0,600519
138,2018-07-27,641.558,644.118,649.858,635.558,20913.0,600519
139,2018-07-30,644.458,624.768,646.218,620.558,42171.0,600519
140,2018-07-31,625.858,631.998,633.438,624.768,20683.0,600519
141,2018-08-01,636.958,620.498,637.858,619.668,25237.0,600519
142,2018-08-02,621.528,601.398,621.528,593.438,55001.0,600519
143,2018-08-03,600.558,584.548,600.558,581.758,47336.0,600519
144,2018-08-06,582.558,575.238,589.558,567.808,45248.0,600519
145,2018-08-07,577.858,591.838,593.388,567.578,39085.0,600519
146,2018-08-08,592.578,581.778,594.558,577.428,29685.0,600519
147,2018-08-09,576.558,597.438,600.058,575.678,34485.0,600519
148,2018-08-10,597.438,592.738,600.328,589.758,23817.0,600519
149,2018-08-13,588.558,584.778,588.558,572.238,34570.0,600519
150,2018-08-14,584.778,585.688,590.058,579.068,21696.0,600519
151,2018-08-15,585.358,568.358,585.558,566.558,34997.0,600519
152,2018-08-16,557.558,553.998,574.058,545.558,59939.0,600519
153,2018-08-17,563.058,540.418,563.058,535.568,46574.0,600519
154,2018-08-20,538.008,550.348,551.108,522.418,48852.0,600519
155,2018-08-21,552.558,577.048,577.858,552.558,52249.0,600519
156,2018-08-22,576.558,573.258,578.758,568.558,20675.0,600519
157,2018-08-23,577.258,575.768,584.058,570.738,27357.0,600519
158,2018-08-24,574.558,565.858,574.558,562.018,26090.0,600519
159,2018-08-27,567.558,592.858,592.858,567.558,48016.0,600519
160,2018-08-28,598.558,586.558,599.338,584.108,32488.0,600519
161,2018-08-29,587.558,591.408,594.438,584.658,27404.0,600519
162,2018-08-30,593.768,585.958,598.158,584.568,33788.0,600519
163,2018-08-31,581.808,564.748,582.558,562.058,58980.0,600519
164,2018-09-03,557.558,571.768,573.228,556.358,30179.0,600519
165,2018-09-04,572.358,580.598,581.558,567.158,21540.0,600519
166,2018-09-05,580.558,563.348,582.548,562.558,28983.0,600519
167,2018-09-06,557.558,549.558,564.818,545.558,42370.0,600519
168,2018-09-07,551.058,556.528,563.588,550.698,29240.0,600519
169,2018-09-10,557.758,550.358,559.368,546.258,21202.0,600519
170,2018-09-11,551.128,551.558,556.528,546.188,19496.0,600519
171,2018-09-12,548.558,535.558,550.428,533.568,41157.0,600519
172,2018-09-13,543.558,537.538,547.558,525.558,47713.0,600519
173,2018-09-14,539.538,548.458,555.338,534.088,40900.0,600519
174,2018-09-17,550.558,551.368,558.518,546.618,29112.0,600519
175,2018-09-18,548.558,572.258,573.558,547.778,37858.0,600519
176,2018-09-19,572.138,586.978,591.558,571.558,48221.0,600519
177,2018-09-20,590.758,584.108,592.458,582.918,27519.0,600519
178,2018-09-21,587.558,605.568,605.568,585.568,42617.0,600519
179,2018-09-25,600.558,602.578,611.328,598.818,30639.0,600519
180,2018-09-26,607.658,630.488,638.238,607.548,72287.0,600519
181,2018-09-27,633.058,629.558,633.558,620.958,40508.0,600519
182,2018-09-28,632.258,635.558,638.758,624.438,35089.0,600519
183,2018-10-08,620.968,591.708,624.558,591.708,82745.0,600519
184,2018-10-09,592.458,600.558,604.268,591.458,40222.0,600519
185,2018-10-10,602.818,576.478,603.558,575.248,63098.0,600519
186,2018-10-11,540.568,550.548,574.498,540.568,91581.0,600519
187,2018-10-12,556.558,573.558,578.238,556.138,54472.0,600519
188,2018-10-15,575.048,572.458,577.508,565.588,35607.0,600519
189,2018-10-16,571.538,572.698,585.088,567.568,26393.0,600519
190,2018-10-17,580.558,571.278,582.858,555.458,43077.0,600519
191,2018-10-18,565.558,551.498,565.558,550.528,52156.0,600519
192,2018-10-19,543.558,575.558,580.558,540.638,76199.0,600519
193,2018-10-22,580.558,598.558,607.578,580.558,73108.0,600519
194,2018-10-23,594.558,547.298,594.558,540.558,123112.0,600519
195,2018-10-24,533.668,542.548,555.558,525.558,76112.0,600519
196,2018-10-25,525.558,524.558,528.058,514.138,75568.0,600519
197,2018-10-26,524.558,515.658,530.558,513.538,55327.0,600519
198,2018-10-29,454.648,454.648,454.648,454.648,49076.0,600519
199,2018-10-30,415.558,429.558,448.558,414.578,204396.0,600519
200,2018-10-31,432.558,454.458,460.558,427.558,96884.0,600519
201,2018-11-01,460.558,468.558,491.058,456.808,98106.0,600519
202,2018-11-02,490.558,505.458,505.558,477.798,89156.0,600519
203,2018-11-05,498.558,481.358,498.558,477.328,75517.0,600519
204,2018-11-06,479.558,471.558,479.718,463.568,45566.0,600519
205,2018-11-07,474.558,471.958,480.508,467.568,38107.0,600519
206,2018-11-08,479.558,475.898,482.558,473.558,33763.0,600519
207,2018-11-09,472.778,467.558,474.558,467.558,24336.0,600519
208,2018-11-12,458.558,457.558,459.758,442.358,67824.0,600519
209,2018-11-13,451.678,475.558,475.558,448.558,66429.0,600519
210,2018-11-14,475.518,460.658,475.518,458.108,41766.0,600519
211,2018-11-15,464.358,465.258,470.358,461.058,30833.0,600519
212,2018-11-16,466.558,465.558,471.558,463.588,28938.0,600519
213,2018-11-19,465.858,474.578,477.558,464.668,36179.0,600519
214,2018-11-20,470.558,467.158,473.558,465.558,26943.0,600519
215,2018-11-21,459.558,470.258,474.458,459.238,27107.0,600519
216,2018-11-22,470.708,470.058,472.888,463.558,21213.0,600519
217,2018-11-23,469.558,462.458,472.858,462.458,20126.0,600519
218,2018-11-26,463.558,457.668,465.758,457.558,19120.0,600519
219,2018-11-27,457.558,453.658,460.548,452.058,20233.0,600519
220,2018-11-28,456.408,462.558,464.748,451.058,27737.0,600519
221,2018-11-29,471.588,457.158,475.358,454.568,45069.0,600519
222,2018-11-30,462.558,470.558,474.448,458.558,49010.0,600519
223,2018-12-03,494.558,506.758,510.558,490.328,83414.0,600519
224,2018-12-04,508.548,507.788,509.818,500.558,31473.0,600519
225,2018-12-05,503.058,515.658,522.058,500.558,41588.0,600519
226,2018-12-06,505.558,497.358,511.538,495.918,37758.0,600519
227,2018-12-07,501.158,492.558,504.418,490.258,26841.0,600519
228,2018-12-10,481.558,482.788,493.058,479.738,24640.0,600519
229,2018-12-11,482.558,488.548,492.108,482.558,16316.0,600519
230,2018-12-12,494.348,494.558,494.758,488.358,19921.0,600519
231,2018-12-13,495.558,507.308,512.438,495.158,40399.0,600519
232,2018-12-14,503.568,498.518,505.358,497.558,24554.0,600519
233,2018-12-17,498.128,496.078,501.528,490.568,24895.0,600519
234,2018-12-18,491.438,496.498,497.098,490.558,19222.0,600519
235,2018-12-19,494.558,483.358,496.548,481.588,25715.0,600519
236,2018-12-20,481.778,480.058,487.058,474.448,26940.0,600519
237,2018-12-21,476.558,472.968,479.008,467.768,30640.0,600519
238,2018-12-24,469.058,473.558,476.468,463.558,19109.0,600519
239,2018-12-25,467.778,471.348,473.058,459.168,26592.0,600519
240,2018-12-26,469.368,465.638,473.958,463.558,17866.0,600519
241,2018-12-27,475.558,468.558,477.408,467.778,29493.0,600519
242,2018-12-28,468.858,495.568,501.958,465.558,63678.0,600519
243,2019-01-02,515.538,504.538,517.558,500.568,62286.0,600519
244,2019-01-03,505.528,495.558,507.218,491.358,30977.0,600519
245,2019-01-04,492.838,507.558,513.228,487.578,37683.0,600519
246,2019-01-07,513.558,511.048,517.558,507.778,34750.0,600519
247,2019-01-08,511.058,510.348,517.558,505.838,28838.0,600519
248,2019-01-09,515.548,521.678,531.718,514.598,49892.0,600519
249,2019-01-10,522.688,524.328,530.438,515.808,29043.0,600519
250,2019-01-11,530.558,541.438,542.558,524.308,38884.0,600519
251,2019-01-14,538.558,530.158,541.448,527.108,25648.0,600519
252,2019-01-15,533.418,565.538,567.058,530.558,55764.0,600519
253,2019-01-16,563.558,566.658,571.208,559.158,42083.0,600519
254,2019-01-17,568.558,564.808,575.258,561.358,30284.0,600519
255,2019-01-18,570.558,589.168,595.758,567.058,68609.0,600519
256,2019-01-21,595.558,592.538,604.438,587.438,47051.0,600519
257,2019-01-22,591.558,576.558,591.558,570.778,42122.0,600519
258,2019-01-23,572.778,571.218,580.058,568.688,33624.0,600519
259,2019-01-24,575.858,578.058,583.388,570.238,29155.0,600519
260,2019-01-25,581.438,585.258,590.458,575.488,28986.0,600519
261,2019-01-28,589.558,582.558,599.538,581.588,36102.0,600519
262,2019-01-29,583.058,590.558,593.558,573.558,30342.0,600519
263,2019-01-30,590.548,581.558,591.778,581.558,22699.0,600519
264,2019-01-31,585.558,595.158,595.158,583.118,36696.0,600519
265,2019-02-01,602.598,598.228,604.558,595.168,30520.0,600519
266,2019-02-11,600.558,630.858,635.058,593.738,58140.0,600519
267,2019-02-12,628.558,623.478,631.048,620.758,35091.0,600519
268,2019-02-13,628.558,640.808,641.718,622.778,35677.0,600519
269,2019-02-14,636.758,642.718,649.218,635.698,32258.0,600519
270,2019-02-15,640.438,630.338,640.438,628.578,23237.0,600519
271,2019-02-18,636.558,645.558,650.508,636.558,37745.0,600519
272,2019-02-19,646.518,636.318,648.058,632.218,29501.0,600519
273,2019-02-20,640.558,627.558,640.558,621.618,37882.0,600519
274,2019-02-21,625.558,625.808,636.038,622.558,29850.0,600519
275,2019-02-22,622.558,631.568,634.048,619.658,25908.0,600519
276,2019-02-25,636.308,647.888,649.998,623.548,82622.0,600519
277,2019-02-26,653.358,632.908,654.738,631.558,57964.0,600519
278,2019-02-27,638.558,646.258,663.578,636.558,65942.0,600519
279,2019-02-28,643.458,660.568,668.978,642.508,56986.0,600519
280,2019-03-01,667.058,694.858,695.558,666.558,63840.0,600519
281,2019-03-04,700.558,687.418,703.888,682.778,84585.0,600519
282,2019-03-05,690.558,685.338,695.108,681.438,44830.0,600519
283,2019-03-06,680.558,673.558,685.058,671.438,46731.0,600519
284,2019-03-07,667.778,654.158,667.778,651.118,60180.0,600519
285,2019-03-08,643.458,643.058,652.388,639.208,52275.0,600519
286,2019-03-11,645.598,664.098,672.508,645.598,53057.0,600519
287,2019-03-12,669.378,650.568,669.388,644.558,52510.0,600519
288,2019-03-13,651.058,659.558,666.308,651.058,40561.0,600519
289,2019-03-14,662.558,683.558,690.558,659.558,62172.0,600519
290,2019-03-15,681.558,682.858,693.058,670.408,52400.0,600519
291,2019-03-18,684.358,715.648,720.088,682.558,81318.0,600519
292,2019-03-19,708.558,698.168,713.478,697.858,40634.0,600519
293,2019-03-20,695.558,698.358,707.858,690.558,31117.0,600519
294,2019-03-21,693.558,691.308,698.358,687.058,32573.0,600519
295,2019-03-22,693.778,699.558,705.538,690.558,30517.0,600519
296,2019-03-25,691.558,681.158,693.558,678.858,37270.0,600519
297,2019-03-26,685.558,678.558,691.498,669.658,37595.0,600519
298,2019-03-27,686.558,694.058,699.438,680.558,42807.0,600519
299,2019-03-28,698.988,712.358,720.038,691.238,57566.0,600519
300,2019-03-29,740.558,759.548,772.238,735.728,90933.0,600519
301,2019-04-01,765.558,764.558,774.508,756.558,60934.0,600519
302,2019-04-02,765.548,755.558,765.548,741.618,53227.0,600519
303,2019-04-03,745.678,750.058,757.298,739.768,43056.0,600519
304,2019-04-04,745.558,770.558,771.358,741.758,55772.0,600519
305,2019-04-08,805.558,805.758,813.558,795.678,66251.0,600519
306,2019-04-09,808.558,810.558,813.758,798.068,47989.0,600519
307,2019-04-10,808.558,853.548,857.458,805.558,67814.0,600519
308,2019-04-11,853.558,830.758,855.558,811.108,61102.0,600519
309,2019-04-12,814.558,819.558,825.548,805.568,48612.0,600519
310,2019-04-15,836.558,812.558,844.558,812.558,45522.0,600519
311,2019-04-16,810.458,845.458,845.458,806.778,46423.0,600519
312,2019-04-17,843.558,857.558,861.068,830.558,40761.0,600519
313,2019-04-18,850.968,851.058,860.238,841.778,19598.0,600519
314,2019-04-19,849.518,858.118,866.508,836.868,32379.0,600519
315,2019-04-22,865.058,854.758,884.448,846.168,40627.0,600519
316,2019-04-23,856.558,880.508,886.778,854.758,48852.0,600519
317,2019-04-24,885.438,875.558,895.558,856.778,45227.0,600519
318,2019-04-25,874.348,857.928,879.548,856.778,39801.0,600519
319,2019-04-26,851.858,850.558,865.438,850.558,43277.0,600519
320,2019-04-29,850.558,877.528,894.558,840.558,52572.0,600519
321,2019-04-30,873.558,879.558,890.518,868.668,35943.0,600519
322,2019-05-06,831.058,811.558,840.558,798.558,135099.0,600519
323,2019-05-07,798.838,795.558,819.498,775.778,100837.0,600519
324,2019-05-08,765.558,789.958,807.358,765.558,81882.0,600519
325,2019-05-09,780.558,764.368,785.428,748.058,91545.0,600519
326,2019-05-10,781.218,812.678,816.338,773.748,79907.0,600519
327,2019-05-13,804.418,797.558,816.538,789.558,46637.0,600519
328,2019-05-14,790.558,792.128,811.558,778.558,59983.0,600519
329,2019-05-15,795.798,832.558,838.558,795.798,63124.0,600519
330,2019-05-16,824.558,835.468,837.558,810.558,44540.0,600519
331,2019-05-17,832.578,812.348,837.858,805.658,49841.0,600519
332,2019-05-20,805.558,790.518,805.558,776.558,44407.0,600519
333,2019-05-21,790.558,800.558,815.558,777.578,42385.0,600519
334,2019-05-22,800.538,793.558,809.558,785.558,32041.0,600519
335,2019-05-23,786.558,766.558,789.538,761.778,58058.0,600519
336,2019-05-24,770.558,784.058,790.558,769.998,44034.0,600519
337,2019-05-27,784.658,784.558,788.548,765.608,39161.0,600519
338,2019-05-28,783.548,793.558,813.048,780.578,74772.0,600519
339,2019-05-29,793.568,817.468,830.508,793.568,65646.0,600519
340,2019-05-30,815.558,810.858,825.548,796.778,40247.0,600519
341,2019-05-31,806.088,795.558,812.548,795.558,35793.0,600519
342,2019-06-03,797.558,797.558,806.908,791.838,34479.0,600519
343,2019-06-04,800.558,780.858,800.988,776.558,39689.0,600519
344,2019-06-05,789.558,777.158,791.818,775.558,34067.0,600519
345,2019-06-06,781.178,767.688,781.328,763.558,34786.0,600519
346,2019-06-10,763.538,776.638,784.508,745.558,55502.0,600519
347,2019-06-11,781.558,816.448,821.168,780.558,80106.0,600519
348,2019-06-12,811.778,812.258,816.548,799.558,37747.0,600519
349,2019-06-13,815.558,815.558,817.858,802.558,32917.0,600519
350,2019-06-14,816.558,818.558,837.858,815.578,42455.0,600519
351,2019-06-17,812.558,817.158,832.498,811.578,32769.0,600519
352,2019-06-18,822.558,822.558,825.558,808.158,29441.0,600519
353,2019-06-19,845.558,837.568,852.258,837.568,53726.0,600519
354,2019-06-20,838.058,880.558,881.058,837.758,67271.0,600519
355,2019-06-21,875.528,881.858,890.048,870.058,45926.0,600519
356,2019-06-24,883.858,892.658,905.248,880.558,45779.0,600519
357,2019-06-25,897.558,888.538,904.558,872.558,51295.0,600519
358,2019-06-26,890.558,885.418,890.558,876.778,29588.0,600519
359,2019-06-27,890.558,901.908,906.558,886.678,47978.0,600519
360,2019-06-28,906.087,904.097,908.977,891.427,31088.0,600519
361,2019-07-01,924.617,951.957,955.697,920.317,52337.0,600519
362,2019-07-02,945.097,945.097,949.597,936.097,39061.0,600519
363,2019-07-03,940.097,907.997,943.097,901.597,67139.0,600519
364,2019-07-04,905.897,901.297,910.897,891.317,46216.0,600519
365,2019-07-05,906.097,919.917,926.097,896.397,50032.0,600519
366,2019-07-08,915.147,904.957,917.997,895.097,33613.0,600519
367,2019-07-09,899.397,896.157,909.097,888.447,31723.0,600519
368,2019-07-10,901.027,902.617,910.677,897.097,28166.0,600519
369,2019-07-11,910.057,901.597,918.477,896.097,30514.0,600519
370,2019-07-12,901.397,906.187,911.597,900.107,28173.0,600519
371,2019-07-15,887.897,896.027,900.197,871.227,59870.0,600519
372,2019-07-16,895.547,888.097,902.397,885.097,33245.0,600519
373,2019-07-17,888.097,883.597,893.087,882.227,25468.0,600519
374,2019-07-18,881.597,867.597,883.097,867.277,39252.0,600519
375,2019-07-19,875.097,875.967,880.897,868.097,28014.0,600519
376,2019-07-22,880.097,877.117,884.097,870.347,28125.0,600519
377,2019-07-23,882.397,874.077,882.687,863.957,32483.0,600519
378,2019-07-24,878.407,866.457,879.997,864.787,46771.0,600519
379,2019-07-25,866.067,883.097,883.457,858.247,38255.0,600519
380,2019-07-26,882.067,885.127,891.097,878.647,26467.0,600519
381,2019-07-29,882.127,896.507,899.597,880.107,26981.0,600519
382,2019-07-30,896.597,899.027,903.097,891.097,19537.0,600519
383,2019-07-31,895.097,892.697,901.867,886.687,22526.0,600519
384,2019-08-01,896.607,879.397,897.097,873.117,35089.0,600519
385,2019-08-02,864.097,874.547,878.077,863.097,39719.0,600519
386,2019-08-05,865.097,862.527,874.097,860.097,36774.0,600519
387,2019-08-06,851.097,866.397,868.097,843.897,43991.0,600519
388,2019-08-07,869.597,865.097,875.627,865.097,26869.0,600519
389,2019-08-08,873.597,891.777,894.097,872.097,38808.0,600519
390,2019-08-09,898.597,882.127,901.047,879.087,28461.0,600519
391,2019-08-12,930.407,938.727,940.197,915.107,81498.0,600519
392,2019-08-13,936.257,938.047,946.097,930.777,30329.0,600519
393,2019-08-14,950.117,963.427,971.997,950.117,41410.0,600519
394,2019-08-15,948.097,964.997,966.577,948.097,27237.0,600519
395,2019-08-16,969.937,974.697,995.677,961.097,36086.0,600519
396,2019-08-19,981.097,975.977,990.077,969.147,32867.0,600519
397,2019-08-20,975.097,990.097,993.777,970.097,28602.0,600519
398,2019-08-21,990.197,986.097,997.067,981.757,25066.0,600519
399,2019-08-22,993.087,1024.097,1024.097,990.097,37590.0,600519
400,2019-08-23,1025.097,1050.197,1053.657,1015.717,40192.0,600519
401,2019-08-26,1033.097,1023.047,1048.097,1016.777,48497.0,600519
402,2019-08-27,1037.097,1029.097,1051.407,1029.097,52164.0,600519
403,2019-08-28,1029.097,1020.207,1043.287,1003.107,47009.0,600519
404,2019-08-29,1025.097,1033.197,1038.277,1012.597,29330.0,600519
405,2019-08-30,1045.097,1062.097,1066.097,1043.097,44890.0,600519
406,2019-09-02,1060.087,1058.857,1065.077,1049.097,28234.0,600519
407,2019-09-03,1060.097,1060.097,1071.117,1048.657,29485.0,600519
408,2019-09-04,1060.897,1045.107,1063.007,1040.207,33600.0,600519
409,2019-09-05,1049.097,1064.097,1064.997,1048.097,32930.0,600519
410,2019-09-06,1064.597,1062.587,1066.247,1051.097,26176.0,600519
411,2019-09-09,1065.097,1056.617,1068.097,1055.097,29379.0,600519
412,2019-09-10,1054.397,1043.947,1055.097,1040.107,26227.0,600519
413,2019-09-11,1039.317,989.617,1040.067,988.097,81716.0,600519
414,2019-09-12,986.097,1019.097,1030.077,986.097,41211.0,600519
415,2019-09-16,1003.097,1019.097,1024.047,1003.097,31371.0,600519
416,2019-09-17,1014.097,1014.107,1026.757,1007.097,25196.0,600519
417,2019-09-18,1028.597,1068.997,1070.097,1028.277,69314.0,600519
418,2019-09-19,1068.097,1065.097,1070.097,1057.197,24479.0,600519
419,2019-09-20,1071.097,1077.517,1080.097,1067.687,37626.0,600519
420,2019-09-23,1077.097,1069.097,1077.097,1051.097,30026.0,600519
421,2019-09-24,1075.097,1104.097,1104.997,1072.097,36269.0,600519
422,2019-09-25,1100.097,1094.097,1108.967,1090.597,24024.0,600519
423,2019-09-26,1095.037,1087.097,1103.447,1078.907,26081.0,600519
424,2019-09-27,1084.097,1094.847,1103.097,1073.097,22826.0,600519
425,2019-09-30,1083.097,1070.097,1089.527,1070.097,30825.0,600519
426,2019-10-08,1073.097,1087.197,1100.097,1072.107,31045.0,600519
427,2019-10-09,1086.297,1066.907,1086.297,1055.147,35788.0,600519
428,2019-10-10,1047.097,1075.097,1079.027,1029.117,41173.0,600519
429,2019-10-11,1077.097,1094.697,1095.097,1072.307,28689.0,600519
430,2019-10-14,1106.097,1100.097,1107.757,1090.097,27187.0,600519
431,2019-10-15,1100.097,1131.097,1135.777,1097.127,40034.0,600519
432,2019-10-16,1088.097,1090.097,1107.597,1080.097,59150.0,600519
433,2019-10-17,1096.097,1103.427,1106.757,1082.597,30508.0,600519
434,2019-10-18,1099.097,1095.887,1110.087,1091.787,28291.0,600519
435,2019-10-21,1091.957,1088.597,1098.997,1083.397,25274.0,600519
436,2019-10-22,1098.097,1090.897,1101.597,1083.987,19309.0,600519
437,2019-10-23,1088.097,1079.007,1098.097,1076.207,23080.0,600519
438,2019-10-24,1085.047,1070.367,1086.097,1067.257,26178.0,600519
439,2019-10-25,1073.397,1091.447,1092.597,1063.127,25998.0,600519
440,2019-10-28,1086.107,1098.387,1101.107,1085.097,22485.0,600519
441,2019-10-29,1101.207,1113.097,1120.057,1097.867,27803.0,600519
442,2019-10-30,1110.097,1103.897,1112.797,1096.097,21254.0,600519
443,2019-10-31,1116.097,1100.107,1118.097,1096.247,25909.0,600519
444,2019-11-01,1101.097,1105.097,1112.047,1092.597,22811.0,600519
445,2019-11-04,1110.097,1119.687,1130.087,1109.097,26737.0,600519
446,2019-11-05,1119.597,1119.097,1125.097,1112.097,22254.0,600519
447,2019-11-06,1117.097,1113.097,1124.097,1108.977,19737.0,600519
448,2019-11-07,1116.607,1121.467,1121.977,1109.097,16167.0,600519
449,2019-11-08,1125.097,1125.097,1135.747,1121.607,24512.0,600519
450,2019-11-11,1121.597,1119.097,1126.297,1113.607,17342.0,600519
451,2019-11-12,1124.097,1121.697,1129.697,1118.307,19150.0,600519
452,2019-11-13,1127.097,1144.097,1147.897,1120.097,31977.0,600519
453,2019-11-14,1147.097,1150.097,1160.097,1142.097,23521.0,600519
454,2019-11-15,1150.097,1144.997,1153.007,1141.597,16340.0,600519
455,2019-11-18,1145.217,1147.377,1149.547,1138.097,18037.0,600519
456,2019-11-19,1148.097,1152.417,1161.707,1145.117,20623.0,600519
457,2019-11-20,1150.097,1153.847,1159.607,1148.157,15280.0,600519
458,2019-11-21,1151.097,1151.397,1155.607,1141.157,19187.0,600519
459,2019-11-22,1143.097,1114.097,1149.097,1105.097,47054.0,600519
460,2019-11-25,1108.147,1102.157,1114.097,1092.157,38281.0,600519
461,2019-11-26,1106.777,1105.097,1118.697,1103.097,40239.0,600519
462,2019-11-27,1112.897,1110.047,1116.717,1104.607,19848.0,600519
463,2019-11-28,1115.067,1095.897,1117.607,1089.117,28844.0,600519
464,2019-11-29,1085.597,1049.097,1085.597,1032.987,82397.0,600519
465,2019-12-02,1038.297,1053.097,1060.117,1038.297,30784.0,600519
466,2019-12-03,1053.097,1038.097,1053.097,1037.837,27340.0,600519
467,2019-12-04,1060.097,1042.427,1064.757,1038.097,35283.0,600519
468,2019-12-05,1045.097,1049.897,1052.107,1038.097,21338.0,600519
469,2019-12-06,1056.067,1090.097,1090.097,1050.197,39506.0,600519
470,2019-12-09,1095.097,1078.797,1096.097,1076.197,21824.0,600519
471,2019-12-10,1079.697,1084.497,1085.097,1071.097,15086.0,600519
472,2019-12-11,1088.097,1079.077,1090.847,1075.647,14567.0,600519
473,2019-12-12,1076.097,1057.097,1080.037,1050.177,29409.0,600519
474,2019-12-13,1066.097,1083.097,1085.097,1066.097,30000.0,600519
475,2019-12-16,1083.097,1068.017,1083.097,1058.037,30936.0,600519
476,2019-12-17,1069.797,1090.077,1093.697,1063.127,42616.0,600519
477,2019-12-18,1094.097,1088.097,1095.297,1084.097,19640.0,600519
478,2019-12-19,1083.097,1077.497,1083.097,1072.097,19552.0,600519
479,2019-12-20,1082.277,1066.397,1082.277,1061.597,23563.0,600519
480,2019-12-23,1059.097,1069.397,1082.597,1056.097,25919.0,600519
481,2019-12-24,1073.097,1068.097,1075.097,1065.097,11823.0,600519
482,2019-12-25,1063.097,1053.797,1063.097,1050.107,24305.0,600519
483,2019-12-26,1052.097,1055.197,1062.077,1040.087,22877.0,600519
484,2019-12-27,1070.097,1083.097,1092.097,1070.097,47066.0,600519
485,2019-12-30,1090.297,1105.897,1115.597,1090.297,40760.0,600519
486,2019-12-31,1103.097,1103.097,1108.097,1096.607,22588.0,600519
487,2020-01-02,1048.097,1050.097,1065.157,1036.097,148099.0,600519
488,2020-01-03,1037.097,998.657,1037.097,996.997,130318.0,600519
489,2020-01-06,990.957,998.087,1012.997,987.397,63414.0,600519
490,2020-01-07,997.597,1014.627,1019.097,996.497,47853.0,600519
491,2020-01-08,1005.147,1008.237,1015.597,1002.677,25008.0,600519
492,2020-01-09,1014.097,1022.797,1025.487,1010.097,37405.0,600519
493,2020-01-10,1029.097,1032.597,1036.087,1022.597,35975.0,600519
494,2020-01-13,1032.597,1044.367,1049.297,1032.097,38515.0,600519
495,2020-01-14,1044.297,1027.497,1044.987,1023.097,35144.0,600519
496,2020-01-15,1029.107,1032.227,1041.697,1025.097,26029.0,600519
497,2020-01-16,1038.967,1027.097,1038.967,1022.677,23191.0,600519
498,2020-01-17,1030.097,1027.597,1032.877,1021.107,23472.0,600519
499,2020-01-20,1031.957,1011.097,1031.957,1002.097,35391.0,600519
500,2020-01-21,1001.097,995.397,1007.097,992.397,32874.0,600519
501,2020-01-22,990.097,995.607,1004.097,975.477,36200.0,600519
502,2020-01-23,996.097,972.897,996.097,957.097,53468.0,600519
503,2020-02-03,905.097,924.017,930.777,900.097,123442.0,600519
504,2020-02-04,935.097,958.107,977.097,931.107,62624.0,600519
505,2020-02-05,970.097,970.087,974.097,953.127,47418.0,600519
506,2020-02-06,979.527,991.097,995.097,972.117,47171.0,600519
507,2020-02-07,990.107,996.097,997.097,981.117,31278.0,600519
508,2020-02-10,982.097,986.587,994.697,977.297,30533.0,600519
509,2020-02-11,983.097,1018.097,1019.777,982.897,47917.0,600519
510,2020-02-12,1009.097,1017.367,1018.887,1005.977,28125.0,600519
511,2020-02-13,1018.097,1011.097,1033.987,1008.107,30357.0,600519
512,2020-02-14,1010.547,1008.097,1013.607,1003.207,23287.0,600519
513,2020-02-17,1002.597,1013.917,1016.287,1002.497,27028.0,600519
514,2020-02-18,1010.107,1004.097,1016.977,1003.097,26664.0,600519
515,2020-02-19,1005.097,1016.597,1021.597,998.097,37051.0,600519
516,2020-02-20,1016.797,1038.097,1044.097,1015.507,46802.0,600519
517,2020-02-21,1031.557,1032.977,1043.637,1030.107,28940.0,600519
518,2020-02-24,1025.597,1007.277,1030.097,1005.597,38650.0,600519
519,2020-02-25,998.097,994.907,1002.187,987.977,38385.0,600519
520,2020-02-26,982.097,993.797,1004.097,975.097,43560.0,600519
521,2020-02-27,996.097,1007.487,1015.087,996.097,34498.0,600519
522,2020-02-28,990.397,977.097,1002.097,970.067,49946.0,600519
523,2020-03-02,970.207,1006.107,1016.647,970.107,47663.0,600519
524,2020-03-03,1018.097,1033.097,1038.977,1018.097,50250.0,600519
525,2020-03-04,1045.097,1049.017,1059.097,1036.337,53792.0,600519
526,2020-03-05,1056.407,1091.097,1095.087,1050.657,62426.0,600519
527,2020-03-06,1083.097,1075.597,1096.097,1072.077,30641.0,600519
528,2020-03-09,1055.097,1034.107,1055.097,1031.407,43404.0,600519
529,2020-03-10,1033.097,1076.097,1088.097,1033.097,58062.0,600519
530,2020-03-11,1075.597,1078.617,1089.677,1061.097,35548.0,600519
531,2020-03-12,1061.317,1058.597,1073.097,1045.197,36631.0,600519
532,2020-03-13,1010.097,1032.127,1049.077,1000.097,75885.0,600519
533,2020-03-16,1024.077,987.097,1028.047,982.097,51233.0,600519
534,2020-03-17,975.097,965.197,998.097,931.217,79359.0,600519
535,2020-03-18,960.097,928.087,980.097,928.087,73460.0,600519
536,2020-03-19,914.087,916.097,935.097,880.197,102265.0,600519
537,2020-03-20,931.097,955.377,963.097,931.097,60139.0,600519
538,2020-03-23,920.097,939.097,955.377,911.617,48472.0,600519
539,2020-03-24,963.097,976.097,978.977,955.097,46651.0,600519
540,2020-03-25,1008.077,1000.197,1011.457,994.297,37049.0,600519
541,2020-03-26,993.427,985.017,1011.297,982.097,30049.0,600519
542,2020-03-27,1005.097,995.597,1012.097,995.107,36261.0,600519
543,2020-03-30,980.347,992.097,997.097,977.097,30687.0,600519
544,2020-03-31,1002.097,1031.097,1035.097,1001.897,47984.0,600519
545,2020-04-01,1037.097,1023.097,1049.097,1023.097,33205.0,600519
546,2020-04-02,1024.097,1065.097,1065.097,1023.977,45206.0,600519
547,2020-04-03,1059.127,1059.887,1068.057,1052.077,27618.0,600519
548,2020-04-07,1082.047,1080.047,1086.597,1068.987,43488.0,600519
549,2020-04-08,1072.097,1079.857,1086.407,1072.097,24224.0,600519
550,2020-04-09,1086.097,1078.597,1089.097,1068.057,22817.0,600519
551,2020-04-10,1077.977,1085.097,1101.597,1073.597,27804.0,600519
552,2020-04-13,1085.097,1082.397,1090.077,1068.597,15981.0,600519
553,2020-04-14,1096.097,1105.197,1111.647,1086.097,36800.0,600519
554,2020-04-15,1112.097,1109.697,1124.087,1107.197,29332.0,600519
555,2020-04-16,1113.067,1117.197,1117.197,1104.197,21728.0,600519
556,2020-04-17,1130.097,1146.097,1154.657,1125.107,38246.0,600519
557,2020-04-20,1141.097,1147.397,1151.597,1136.897,24239.0,600519
558,2020-04-21,1141.117,1120.097,1144.087,1113.097,29224.0,600519
559,2020-04-22,1126.097,1164.597,1169.597,1122.317,44035.0,600519
560,2020-04-23,1170.097,1172.357,1185.777,1167.867,26899.0,600519
561,2020-04-24,1168.097,1170.657,1179.987,1155.277,19122.0,600519
562,2020-04-27,1177.097,1196.097,1198.267,1171.057,25904.0,600519
563,2020-04-28,1205.407,1199.227,1220.037,1191.977,34662.0,600519
564,2020-04-29,1197.897,1194.997,1208.197,1178.097,23444.0,600519
565,2020-04-30,1191.097,1185.797,1205.107,1178.977,24661.0,600519
566,2020-05-06,1171.097,1220.097,1220.097,1170.097,35835.0,600519
567,2020-05-07,1219.497,1232.097,1235.087,1213.097,27935.0,600519
568,2020-05-08,1237.097,1234.707,1258.097,1228.607,29079.0,600519
569,2020-05-11,1240.097,1243.107,1255.097,1233.767,23671.0,600519
570,2020-05-12,1238.097,1253.097,1255.087,1236.097,19722.0,600519
571,2020-05-13,1253.097,1256.047,1258.087,1242.977,22014.0,600519
572,2020-05-14,1250.097,1246.687,1254.977,1245.207,18575.0,600519
573,2020-05-15,1249.097,1233.097,1253.597,1221.977,26398.0,600519
574,2020-05-18,1226.097,1266.307,1271.597,1225.227,34362.0,600519
575,2020-05-19,1284.097,1266.207,1284.097,1258.097,24787.0,600519
576,2020-05-20,1266.207,1271.097,1279.277,1256.907,21183.0,600519
577,2020-05-21,1275.097,1286.197,1292.057,1272.957,23052.0,600519
578,2020-05-22,1286.097,1248.297,1286.197,1242.977,34427.0,600519
579,2020-05-25,1250.097,1282.997,1286.677,1241.097,31561.0,600519
580,2020-05-26,1289.977,1278.097,1290.047,1275.097,22470.0,600519
581,2020-05-27,1279.097,1258.097,1280.097,1253.097,26777.0,600519
582,2020-05-28,1258.067,1264.097,1267.037,1241.227,26486.0,600519
583,2020-05-29,1252.197,1286.697,1290.077,1252.197,30444.0,600519
584,2020-06-01,1301.097,1339.597,1340.197,1301.097,35480.0,600519
585,2020-06-02,1336.107,1330.807,1347.997,1326.757,25960.0,600519
586,2020-06-03,1335.097,1319.397,1337.597,1315.867,23557.0,600519
587,2020-06-04,1316.097,1328.087,1331.097,1316.097,18037.0,600519
588,2020-06-05,1325.347,1345.097,1348.977,1321.177,18347.0,600519
589,2020-06-08,1345.097,1326.197,1355.097,1322.107,29300.0,600519
590,2020-06-09,1328.097,1336.647,1345.097,1320.777,22612.0,600519
591,2020-06-10,1345.097,1343.757,1353.427,1337.097,22701.0,600519
592,2020-06-11,1331.107,1320.557,1338.087,1317.087,30712.0,600519
593,2020-06-12,1307.267,1336.467,1336.467,1303.407,28427.0,600519
594,2020-06-15,1322.097,1303.097,1331.697,1301.097,34615.0,600519
595,2020-06-16,1318.597,1323.977,1334.097,1313.227,29207.0,600519
596,2020-06-17,1331.957,1325.097,1331.997,1315.117,19453.0,600519
597,2020-06-18,1324.997,1333.097,1333.297,1320.197,21010.0,600519
598,2020-06-19,1340.097,1359.937,1365.297,1335.197,38958.0,600519
599,2020-06-22,1355.197,1359.097,1363.987,1353.297,23247.0,600519
600,2020-06-23,1355.097,1394.597,1402.097,1353.617,33934.0,600519
601,2020-06-24,1400.722,1397.132,1402.832,1382.122,25139.0,600519
602,2020-06-29,1385.122,1400.292,1403.122,1374.132,28081.0,600519
603,2020-06-30,1400.242,1400.002,1406.102,1392.242,22446.0,600519
604,2020-07-01,1405.122,1431.392,1443.222,1401.142,38682.0,600519
605,2020-07-02,1436.122,1481.122,1488.022,1432.122,45884.0,600519
606,2020-07-03,1487.122,1478.912,1489.622,1454.002,35126.0,600519
607,2020-07-06,1475.122,1537.122,1553.122,1468.932,51822.0,600519
608,2020-07-07,1540.212,1625.122,1681.942,1538.122,66664.0,600519
609,2020-07-08,1617.122,1618.462,1656.122,1597.122,53170.0,600519
610,2020-07-09,1628.122,1643.122,1649.122,1619.122,35033.0,600519
611,2020-07-10,1626.122,1650.972,1673.722,1626.062,37100.0,600519
612,2020-07-13,1651.802,1719.112,1724.122,1651.802,60727.0,600519
613,2020-07-14,1719.112,1699.122,1719.152,1685.522,46094.0,600519
614,2020-07-15,1682.002,1689.652,1719.722,1681.832,40713.0,600519
615,2020-07-16,1667.032,1551.122,1667.032,1537.122,102242.0,600519
616,2020-07-17,1557.122,1585.172,1609.712,1557.122,65902.0,600519
617,2020-07-20,1589.622,1574.082,1601.112,1526.002,45280.0,600519
618,2020-07-21,1583.762,1605.122,1639.922,1568.112,41970.0,600519
619,2020-07-22,1595.122,1615.202,1647.122,1595.122,39201.0,600519
620,2020-07-23,1609.122,1613.122,1628.122,1587.122,34321.0,600519
621,2020-07-24,1591.972,1532.422,1603.122,1522.122,78752.0,600519
622,2020-07-27,1553.132,1559.672,1566.922,1537.122,38788.0,600519
623,2020-07-28,1567.122,1607.122,1617.122,1567.122,54912.0,600519
624,2020-07-29,1627.122,1609.122,1627.122,1570.122,50748.0,600519
625,2020-07-30,1608.322,1617.122,1637.712,1607.622,38373.0,600519
626,2020-07-31,1622.122,1615.302,1642.122,1583.122,40685.0,600519
627,2020-08-03,1624.002,1605.122,1633.702,1597.122,34661.0,600519
628,2020-08-04,1612.122,1607.112,1620.112,1597.122,31941.0,600519
629,2020-08-05,1599.212,1605.122,1610.212,1580.432,25522.0,600519
630,2020-08-06,1607.122,1575.082,1611.152,1567.122,32649.0,600519
631,2020-08-07,1581.892,1568.122,1586.792,1535.622,34242.0,600519
632,2020-08-10,1565.092,1571.112,1582.082,1545.232,23624.0,600519
633,2020-08-11,1577.122,1579.632,1603.552,1577.122,35818.0,600519
634,2020-08-12,1570.122,1564.072,1578.122,1542.372,27934.0,600519
635,2020-08-13,1567.122,1572.122,1576.002,1546.122,20541.0,600519
636,2020-08-14,1577.022,1598.122,1602.822,1568.122,37653.0,600519
637,2020-08-17,1611.122,1627.122,1641.472,1607.122,43572.0,600519
638,2020-08-18,1634.502,1642.122,1657.122,1628.122,30423.0,600519
639,2020-08-19,1637.122,1624.122,1654.122,1620.112,26915.0,600519
640,2020-08-20,1611.122,1601.122,1616.122,1593.122,22382.0,600519
641,2020-08-21,1610.122,1613.122,1635.122,1608.122,25082.0,600519
642,2020-08-24,1637.122,1633.472,1645.122,1628.132,30933.0,600519
643,2020-08-25,1641.922,1664.122,1683.902,1635.752,41872.0,600519
644,2020-08-26,1671.122,1664.122,1682.122,1652.142,26216.0,600519
645,2020-08-27,1669.112,1668.122,1671.102,1642.122,22636.0,600519
646,2020-08-28,1668.122,1694.122,1701.122,1658.622,42300.0,600519
647,2020-08-31,1707.702,1723.622,1753.122,1707.702,47810.0,600519
648,2020-09-01,1729.122,1739.102,1739.122,1712.132,31640.0,600519
649,2020-09-02,1762.122,1732.122,1765.122,1707.122,32009.0,600519
650,2020-09-03,1732.122,1730.122,1749.122,1716.822,30437.0,600519
651,2020-09-04,1703.122,1707.122,1714.112,1683.122,30858.0,600519
652,2020-09-07,1697.122,1660.622,1715.112,1641.092,31112.0,600519
653,2020-09-08,1669.122,1648.522,1674.922,1614.192,34472.0,600519
654,2020-09-09,1636.792,1625.122,1648.122,1617.162,25964.0,600519
655,2020-09-10,1640.862,1642.922,1657.122,1637.122,24778.0,600519
656,2020-09-11,1625.122,1670.122,1673.122,1625.122,31088.0,600519
657,2020-09-14,1682.122,1703.122,1706.122,1667.702,31056.0,600519
658,2020-09-15,1707.112,1697.122,1707.112,1684.872,20821.0,600519
659,2020-09-16,1697.122,1662.222,1701.932,1656.122,22516.0,600519
660,2020-09-17,1637.122,1607.642,1637.122,1595.122,63680.0,600519
661,2020-09-18,1602.122,1632.122,1632.122,1572.132,47201.0,600519
662,2020-09-21,1629.882,1603.922,1629.882,1603.782,22444.0,600519
663,2020-09-22,1587.122,1602.812,1624.102,1587.122,23265.0,600519
664,2020-09-23,1572.122,1587.102,1603.132,1558.142,35726.0,600519
665,2020-09-24,1573.092,1566.442,1596.002,1563.922,30051.0,600519
666,2020-09-25,1567.122,1572.232,1587.122,1562.122,22583.0,600519
667,2020-09-28,1572.312,1598.122,1605.622,1572.312,24232.0,600519
668,2020-09-29,1606.452,1589.422,1606.522,1589.422,17431.0,600519
669,2020-09-30,1597.122,1605.622,1629.022,1597.122,27088.0,600519
670,2020-10-09,1629.122,1633.122,1643.542,1625.122,34240.0,600519
671,2020-10-12,1637.122,1687.732,1687.732,1637.122,43729.0,600519
672,2020-10-13,1687.742,1676.122,1687.742,1672.122,22944.0,600519
673,2020-10-14,1677.122,1666.122,1684.102,1663.122,20481.0,600519
674,2020-10-15,1658.252,1662.122,1672.122,1658.122,16204.0,600519
675,2020-10-16,1662.122,1649.122,1671.702,1640.122,17377.0,600519
676,2020-10-19,1662.122,1636.122,1671.102,1629.022,19226.0,600519
677,2020-10-20,1637.112,1671.122,1672.092,1632.122,27735.0,600519
678,2020-10-21,1671.222,1670.452,1679.272,1660.122,18901.0,600519
679,2020-10-22,1667.122,1679.622,1682.122,1652.632,22481.0,600519
680,2020-10-23,1677.902,1652.452,1684.712,1651.122,19292.0,600519
681,2020-10-26,1556.122,1580.122,1600.042,1537.122,66015.0,600519
682,2020-10-27,1580.122,1562.122,1581.122,1553.242,43944.0,600519
683,2020-10-28,1563.122,1601.932,1614.122,1562.202,34637.0,600519
684,2020-10-29,1591.962,1613.122,1645.122,1584.122,39374.0,600519
685,2020-10-30,1615.122,1607.142,1633.122,1602.122,26055.0,600519
686,2020-11-02,1612.122,1611.132,1632.122,1609.122,21066.0,600519
687,2020-11-03,1622.112,1632.122,1643.022,1612.622,23497.0,600519
688,2020-11-04,1637.122,1636.702,1641.122,1622.122,16444.0,600519
689,2020-11-05,1654.122,1659.022,1669.602,1649.222,23524.0,600519
690,2020-11-06,1667.672,1637.742,1668.712,1627.122,23052.0,600519
691,2020-11-09,1638.502,1679.692,1687.802,1637.742,41470.0,600519
692,2020-11-10,1690.042,1682.122,1701.602,1673.122,30189.0,600519
693,2020-11-11,1682.122,1668.472,1714.622,1668.122,34851.0,600519
694,2020-11-12,1667.132,1671.912,1687.122,1659.392,23473.0,600519
695,2020-11-13,1661.122,1642.122,1666.002,1628.122,28155.0,600519
696,2020-11-16,1648.122,1667.172,1667.172,1634.382,30613.0,600519
697,2020-11-17,1677.122,1652.922,1679.472,1638.192,25224.0,600519
698,2020-11-18,1652.122,1630.772,1657.652,1620.282,35179.0,600519
699,2020-11-19,1621.622,1657.312,1662.122,1617.722,27816.0,600519
700,2020-11-20,1657.122,1657.082,1673.122,1649.772,21875.0,600519
701,2020-11-23,1708.132,1727.332,1747.022,1708.132,66637.0,600519
702,2020-11-24,1707.112,1700.622,1719.622,1688.592,32465.0,600519
703,2020-11-25,1698.622,1664.002,1706.002,1661.122,28226.0,600519
704,2020-11-26,1663.122,1671.512,1677.112,1662.302,23228.0,600519
705,2020-11-27,1669.782,1675.022,1677.152,1655.122,21569.0,600519
706,2020-11-30,1672.122,1651.032,1676.022,1651.032,31940.0,600519
707,2020-12-01,1663.122,1674.122,1676.112,1657.132,28196.0,600519
708,2020-12-02,1683.122,1675.132,1686.122,1668.122,23572.0,600519
709,2020-12-03,1675.132,1686.122,1692.782,1669.222,29506.0,600519
710,2020-12-04,1689.122,1730.232,1737.222,1689.122,62491.0,600519
711,2020-12-07,1739.822,1749.522,1777.512,1737.672,58331.0,600519
712,2020-12-08,1752.122,1787.122,1812.122,1750.122,61454.0,600519
713,2020-12-09,1803.072,1777.122,1803.122,1776.122,31152.0,600519
714,2020-12-10,1777.122,1770.022,1786.892,1765.122,32654.0,600519
715,2020-12-11,1771.902,1757.122,1774.442,1741.932,30776.0,600519
716,2020-12-14,1764.892,1766.122,1767.102,1752.122,33052.0,600519
717,2020-12-15,1770.622,1753.132,1774.342,1742.122,29605.0,600519
718,2020-12-16,1767.622,1777.122,1782.792,1757.332,32150.0,600519
719,2020-12-17,1782.622,1802.632,1805.122,1777.122,36031.0,600519
720,2020-12-18,1788.932,1782.122,1806.132,1778.202,27077.0,600519
721,2020-12-21,1777.122,1779.622,1788.352,1774.722,30697.0,600519
722,2020-12-22,1787.092,1818.122,1836.112,1779.632,40651.0,600519
723,2020-12-23,1835.112,1778.772,1843.322,1758.142,47706.0,600519
724,2020-12-24,1755.122,1767.462,1796.002,1732.142,37857.0,600519
725,2020-12-25,1740.112,1767.122,1784.122,1737.122,23088.0,600519
726,2020-12-28,1763.722,1810.122,1825.922,1763.172,30080.0,600519
727,2020-12-29,1810.122,1804.122,1823.922,1792.122,22868.0,600519
728,2020-12-30,1807.122,1870.122,1870.122,1807.112,34452.0,600519
729,2020-12-31,1878.122,1935.122,1936.102,1876.122,38860.0,600519
730,2021-01-04,1937.102,1934.122,1942.112,1920.932,43514.0,600519
731,2021-01-05,1927.122,1996.572,1996.572,1919.582,52116.0,600519
732,2021-01-06,2001.922,2037.122,2062.122,1973.152,47410.0,600519
733,2021-01-07,2034.122,2077.122,2077.122,2012.122,37931.0,600519
734,2021-01-08,2079.122,2027.122,2088.002,2000.142,53862.0,600519
735,2021-01-11,2027.122,2036.852,2087.622,1995.722,51080.0,600519
736,2021-01-12,2025.122,2098.022,2098.022,2022.122,41059.0,600519
737,2021-01-13,2101.122,2101.122,2110.452,2072.122,34390.0,600519
738,2021-01-14,2093.122,2071.122,2100.122,2053.232,36152.0,600519
739,2021-01-15,2052.122,2019.122,2071.472,1966.122,59509.0,600519
740,2021-01-18,1998.182,2000.122,2028.602,1977.392,39144.0,600519
741,2021-01-19,2010.232,1946.532,2033.422,1943.972,46345.0,600519
742,2021-01-20,1945.122,1977.752,1992.612,1919.622,45082.0,600519
743,2021-01-21,1985.122,2007.122,2027.142,1978.122,38310.0,600519
744,2021-01-22,2006.122,2017.072,2037.122,1997.222,29248.0,600519
745,2021-01-25,2020.122,2112.122,2116.622,2020.122,55957.0,600519
746,2021-01-26,2122.122,2079.012,2124.122,2062.232,31747.0,600519
747,2021-01-27,2079.012,2026.122,2079.012,2022.122,37120.0,600519
748,2021-01-28,2017.122,2025.122,2046.782,1997.142,35129.0,600519
749,2021-01-29,2038.312,2053.302,2086.602,2027.342,33701.0,600519
750,2021-02-01,2067.122,2046.442,2097.122,2032.122,29341.0,600519
751,2021-02-02,2049.342,2082.122,2087.112,2039.222,34582.0,600519
752,2021-02-03,2087.122,2127.032,2135.392,2077.122,38714.0,600519
753,2021-02-04,2128.122,2257.972,2267.122,2128.122,63851.0,600519
754,2021-02-05,2262.122,2250.122,2301.722,2228.122,39729.0,600519
755,2021-02-08,2274.122,2305.922,2316.002,2250.122,35786.0,600519
756,2021-02-09,2305.922,2393.552,2393.552,2287.122,33297.0,600519
757,2021-02-10,2422.122,2538.122,2538.322,2422.122,61371.0,600519
758,2021-02-18,2525.102,2408.122,2565.002,2402.122,65912.0,600519
759,2021-02-19,2388.282,2397.122,2433.782,2318.722,59385.0,600519
760,2021-02-22,2392.122,2225.142,2392.122,2215.342,78935.0,600519
761,2021-02-23,2202.262,2244.122,2282.012,2202.122,57455.0,600519
762,2021-02-24,2245.112,2126.122,2255.122,2097.622,82116.0,600519
763,2021-02-25,2146.122,2087.122,2161.622,2058.332,59726.0,600519
764,2021-02-26,2037.122,2059.902,2117.072,2004.422,66525.0,600519
765,2021-03-01,2116.122,2095.122,2116.122,2057.122,44916.0,600519
766,2021-03-02,2117.122,1995.122,2117.122,1970.122,70765.0,600519
767,2021-03-03,1977.122,2077.122,2086.892,1970.122,54215.0,600519
768,2021-03-04,2032.122,1970.122,2033.122,1947.222,65088.0,600519
769,2021-03-05,1937.122,1997.232,2032.122,1925.122,63779.0,600519
770,2021-03-08,2012.082,1897.122,2022.122,1897.122,63100.0,600519
771,2021-03-09,1892.122,1874.112,1937.122,1837.302,82266.0,600519
772,2021-03-10,1914.122,1907.132,1936.992,1904.122,51172.0,600519
773,2021-03-11,1912.122,1985.122,2017.112,1898.602,56769.0,600519
774,2021-03-12,2007.122,1963.122,2014.122,1939.132,40323.0,600519
775,2021-03-15,1987.122,1912.572,2006.922,1888.272,62485.0,600519
776,2021-03-16,1912.052,1947.622,1957.112,1902.122,34649.0,600519
777,2021-03-17,1937.122,1967.482,1987.122,1913.132,31375.0,600519
778,2021-03-18,1972.122,2006.822,2023.482,1972.122,33865.0,600519
779,2021-03-19,1972.122,1947.122,1980.122,1929.352,35781.0,600519
780,2021-03-22,1937.222,1927.112,1963.212,1892.672,36914.0,600519
781,2021-03-23,1936.002,1933.122,1945.922,1907.122,27446.0,600519
782,2021-03-24,1918.122,1926.122,1950.122,1918.122,29357.0,600519
783,2021-03-25,1907.132,1908.122,1926.002,1883.922,31575.0,600519
784,2021-03-26,1922.122,1950.122,1959.122,1895.122,50016.0,600519
785,2021-03-29,1980.322,1971.222,2033.472,1963.272,56992.0,600519
786,2021-03-30,1977.122,1993.172,2023.122,1972.202,32627.0,600519
787,2021-03-31,1982.222,1946.122,1983.142,1937.122,37154.0,600519
788,2021-04-01,1958.122,1981.622,1983.922,1938.342,26588.0,600519
789,2021-04-02,1993.122,2099.122,2102.122,1993.122,52028.0,600519
790,2021-04-06,2098.122,2063.152,2099.102,2039.422,32742.0,600519
791,2021-04-07,2041.182,1998.122,2054.422,1987.122,40201.0,600519
792,2021-04-08,1984.152,2007.122,2016.122,1981.122,28548.0,600519
793,2021-04-09,1979.122,1957.122,1991.122,1942.132,28809.0,600519
794,2021-04-12,1948.122,1946.012,1967.122,1928.822,31943.0,600519
795,2021-04-13,1957.122,1958.122,1986.922,1946.122,28992.0,600519
796,2021-04-14,1972.122,1984.122,1985.122,1953.122,24115.0,600519
797,2021-04-15,1968.022,1952.722,1984.022,1927.122,34366.0,600519
798,2021-04-16,1962.202,1992.102,2005.122,1949.122,30294.0,600519
799,2021-04-19,1992.122,2025.122,2035.482,1970.122,31754.0,600519
800,2021-04-20,2008.222,2031.922,2066.122,2007.122,28290.0,600519
801,2021-04-21,2013.122,2017.122,2034.922,2002.222,26150.0,600519
802,2021-04-22,2027.022,1992.622,2036.122,1988.622,26850.0,600519
803,2021-04-23,1993.092,2046.062,2057.002,1989.622,33463.0,600519
804,2021-04-26,2069.122,2014.942,2072.122,2010.722,34045.0,600519
805,2021-04-27,2024.202,2031.562,2032.372,2002.212,22108.0,600519
806,2021-04-28,1947.122,1979.122,1984.622,1940.122,81343.0,600519
807,2021-04-29,1984.162,1963.482,1987.062,1951.122,41284.0,600519
808,2021-04-30,1963.122,1943.902,1973.122,1940.832,38401.0,600519
809,2021-05-06,1937.122,1896.122,1943.962,1890.122,53546.0,600519
810,2021-05-07,1902.122,1840.122,1905.102,1838.122,52493.0,600519
811,2021-05-10,1837.122,1816.152,1846.122,1803.132,46003.0,600519
812,2021-05-11,1813.122,1896.122,1903.122,1810.422,42494.0,600519
813,2021-05-12,1886.202,1921.122,1936.122,1886.122,32699.0,600519
814,2021-05-13,1902.872,1908.622,1922.172,1890.122,25078.0,600519
815,2021-05-14,1919.122,1946.972,1967.622,1913.122,35611.0,600519
816,2021-05-17,1962.222,1995.082,2022.322,1962.222,44524.0,600519
817,2021-05-18,2002.122,1996.432,2014.122,1982.182,17504.0,600519
818,2021-05-19,1996.122,1986.122,2011.932,1977.122,22410.0,600519
819,2021-05-20,2011.122,1996.002,2011.222,1982.482,21857.0,600519
820,2021-05-21,1992.202,1979.222,2017.002,1974.142,24248.0,600519
821,2021-05-24,1988.122,2008.412,2017.182,1968.122,32548.0,600519
822,2021-05-25,2022.122,2131.622,2137.222,2022.122,67757.0,600519
823,2021-05-26,2145.102,2157.122,2178.922,2130.202,38604.0,600519
824,2021-05-27,2148.142,2182.122,2257.122,2138.222,45373.0,600519
825,2021-05-28,2178.092,2167.122,2187.122,2142.632,25807.0,600519
826,2021-05-31,2152.622,2155.122,2155.472,2109.122,31739.0,600519
827,2021-06-01,2159.122,2178.072,2186.072,2143.122,30616.0,600519
828,2021-06-02,2187.122,2159.122,2201.122,2145.302,22863.0,600519
829,2021-06-03,2157.122,2159.342,2197.462,2147.202,23450.0,600519
830,2021-06-04,2152.122,2188.622,2225.122,2151.162,31422.0,600519
831,2021-06-07,2202.122,2208.122,2216.122,2177.132,25466.0,600519
832,2021-06-08,2197.122,2128.122,2217.112,2098.272,47314.0,600519
833,2021-06-09,2129.122,2136.622,2151.122,2097.232,25502.0,600519
834,2021-06-10,2132.122,2175.602,2188.492,2127.202,25567.0,600519
835,2021-06-11,2176.122,2115.932,2181.122,2115.932,33971.0,600519
836,2021-06-15,2132.222,2130.122,2146.002,2085.122,29361.0,600519
837,2021-06-16,2129.122,2095.122,2132.122,2085.122,27593.0,600519
838,2021-06-17,2092.772,2094.032,2125.122,2081.482,21068.0,600519
839,2021-06-18,2084.122,2028.062,2093.622,2002.122,54028.0,600519
840,2021-06-21,2022.122,2018.762,2036.812,1987.122,35488.0,600519
841,2021-06-22,2029.122,2012.092,2035.122,1991.012,33228.0,600519
842,2021-06-23,2017.122,1975.122,2020.122,1971.272,37079.0,600519
843,2021-06-24,1977.132,2005.172,2017.122,1958.122,31474.0,600519
844,2021-06-25,2006.375,2048.415,2065.415,1999.015,35875.0,600519
845,2021-06-28,2056.415,2059.425,2074.415,2029.415,27452.0,600519
846,2021-06-29,2064.415,2018.415,2071.415,2007.415,33031.0,600519
847,2021-06-30,2021.415,2013.115,2030.415,2002.715,21916.0,600519
848,2021-07-01,2016.385,2061.415,2066.415,1988.015,33701.0,600519
849,2021-07-02,2031.415,1969.415,2031.415,1967.915,46275.0,600519
850,2021-07-05,1956.415,1950.415,1976.295,1941.415,34421.0,600519
851,2021-07-06,1951.415,1969.315,1970.415,1916.425,35283.0,600519
852,2021-07-07,1966.415,1960.415,1985.295,1955.425,28122.0,600519
853,2021-07-08,1956.515,1941.415,1960.415,1924.415,35517.0,600519
854,2021-07-09,1920.935,1928.525,1942.325,1901.415,30908.0,600519
855,2021-07-12,1931.965,1917.415,1955.195,1896.915,39010.0,600519
856,2021-07-13,1924.415,1939.315,1961.915,1921.415,29925.0,600519
857,2021-07-14,1930.415,1918.415,1930.915,1901.415,30771.0,600519
858,2021-07-15,1911.435,1954.405,1969.415,1907.015,42190.0,600519
859,2021-07-16,1936.415,1912.315,1953.015,1906.415,35408.0,600519
860,2021-07-19,1912.305,1931.415,1942.415,1897.415,30052.0,600519
861,2021-07-20,1931.415,1936.415,1945.345,1917.825,23475.0,600519
862,2021-07-21,1945.415,1925.415,1962.415,1918.425,29780.0,600519
863,2021-07-22,1916.415,1896.425,1930.315,1895.375,39090.0,600519
864,2021-07-23,1894.235,1856.415,1894.235,1851.505,47585.0,600519
865,2021-07-26,1835.415,1760.525,1835.415,1736.415,98619.0,600519
866,2021-07-27,1759.415,1669.305,1766.415,1659.415,86577.0,600519
867,2021-07-28,1659.415,1725.315,1744.615,1638.535,85369.0,600519
868,2021-07-29,1766.425,1706.205,1779.415,1690.755,63864.0,600519
869,2021-07-30,1681.415,1635.405,1681.415,1614.175,77736.0,600519
870,2021-08-02,1620.415,1711.415,1712.395,1577.135,97401.0,600519
871,2021-08-03,1686.415,1705.715,1725.405,1645.215,54375.0,600519
872,2021-08-04,1690.475,1680.415,1716.415,1674.415,38175.0,600519
873,2021-08-05,1649.295,1655.415,1701.415,1632.775,48060.0,600519
874,2021-08-06,1645.415,1627.415,1650.425,1603.015,45686.0,600519
875,2021-08-09,1607.415,1650.215,1665.415,1606.415,47698.0,600519
876,2021-08-10,1656.415,1755.415,1759.295,1631.415,83285.0,600519
877,2021-08-11,1736.425,1706.915,1741.425,1706.425,38663.0,600519
878,2021-08-12,1688.415,1646.415,1705.415,1642.605,47551.0,600519
879,2021-08-13,1646.415,1656.455,1669.415,1635.415,37905.0,600519
880,2021-08-16,1652.415,1655.615,1670.015,1641.495,28057.0,600519
881,2021-08-17,1656.415,1591.415,1656.415,1585.295,61201.0,600519
882,2021-08-18,1581.075,1576.415,1599.405,1556.415,59970.0,600519
883,2021-08-19,1578.635,1576.385,1599.615,1556.415,41292.0,600519
884,2021-08-20,1511.585,1504.415,1553.965,1481.915,114545.0,600519
885,2021-08-23,1494.295,1526.605,1555.415,1493.185,71597.0,600519
886,2021-08-24,1531.415,1581.595,1598.965,1522.185,72594.0,600519
887,2021-08-25,1604.055,1621.435,1637.285,1599.415,54239.0,600519
888,2021-08-26,1621.405,1551.415,1621.405,1551.135,54020.0,600519
889,2021-08-27,1545.415,1552.445,1581.415,1540.515,36095.0,600519
890,2021-08-30,1561.415,1542.415,1569.415,1502.365,51588.0,600519
891,2021-08-31,1546.215,1514.415,1572.765,1511.515,43677.0,600519
892,2021-09-01,1515.415,1578.425,1591.405,1487.515,77316.0,600519
893,2021-09-02,1589.405,1575.215,1599.415,1557.305,42837.0,600519
894,2021-09-03,1566.435,1614.635,1616.205,1538.415,52835.0,600519
895,2021-09-06,1605.415,1627.085,1664.575,1582.565,55338.0,600519
896,2021-09-07,1617.445,1625.415,1640.895,1607.415,31211.0,600519
897,2021-09-08,1616.415,1589.515,1627.595,1584.495,33064.0,600519
898,2021-09-09,1582.415,1590.495,1601.415,1580.425,19950.0,600519
899,2021-09-10,1590.495,1618.995,1625.215,1589.415,33388.0,600519
900,2021-09-13,1621.415,1610.415,1640.415,1596.515,27720.0,600519
901,2021-09-14,1615.415,1613.415,1639.415,1609.415,33761.0,600519
902,2021-09-15,1606.415,1572.155,1616.415,1566.415,41570.0,600519
903,2021-09-16,1559.415,1594.485,1600.415,1541.415,45968.0,600519
904,2021-09-17,1576.415,1642.415,1662.015,1576.415,55130.0,600519
905,2021-09-22,1615.245,1594.105,1644.415,1591.415,31743.0,600519
906,2021-09-23,1594.415,1591.415,1612.295,1581.495,30342.0,600519
907,2021-09-24,1584.415,1650.415,1676.395,1584.415,69537.0,600519
908,2021-09-27,1706.415,1811.415,1819.815,1706.415,126869.0,600519
909,2021-09-28,1804.415,1778.475,1816.415,1751.415,49221.0,600519
910,2021-09-29,1765.415,1776.415,1801.425,1742.315,43291.0,600519
911,2021-09-30,1774.595,1786.415,1806.635,1759.815,40539.0,600519
912,2021-10-08,1778.835,1796.015,1834.415,1763.645,47452.0,600519
913,2021-10-11,1795.925,1823.535,1846.315,1787.425,37676.0,600519
914,2021-10-12,1822.415,1827.405,1833.415,1798.835,30606.0,600519
915,2021-10-13,1826.415,1886.315,1906.365,1818.415,50143.0,600519
916,2021-10-14,1885.345,1867.415,1898.215,1852.415,26623.0,600519
917,2021-10-15,1846.515,1873.385,1886.405,1846.515,28561.0,600519
918,2021-10-18,1844.415,1756.415,1844.415,1743.415,69652.0,600519
919,2021-10-19,1756.415,1768.595,1795.215,1756.295,40315.0,600519
920,2021-10-20,1789.415,1797.415,1806.215,1762.425,28663.0,600519
921,2021-10-21,1797.515,1800.415,1816.415,1785.415,23019.0,600519
922,2021-10-22,1811.415,1857.415,1877.425,1810.415,35963.0,600519
923,2021-10-25,1836.415,1829.445,1841.425,1814.415,32461.0,600519
924,2021-10-26,1820.445,1817.465,1835.405,1800.415,21130.0,600519
925,2021-10-27,1808.715,1775.415,1814.715,1756.515,34647.0,600519
926,2021-10-28,1781.615,1781.905,1800.195,1758.415,29491.0,600519
927,2021-10-29,1781.415,1782.495,1804.415,1769.415,28776.0,600519
928,2021-11-01,1736.415,1759.415,1782.715,1716.415,41690.0,600519
929,2021-11-02,1753.115,1761.055,1800.635,1744.415,32500.0,600519
930,2021-11-03,1756.415,1721.415,1766.395,1717.605,27829.0,600519
931,2021-11-04,1734.355,1760.615,1772.415,1725.835,31130.0,600519
932,2021-11-05,1760.625,1776.355,1801.405,1760.625,27077.0,600519
933,2021-11-08,1776.415,1776.515,1787.215,1758.465,17706.0,600519
934,2021-11-09,1776.395,1746.425,1784.285,1738.415,27352.0,600519
935,2021-11-10,1746.425,1710.405,1751.415,1691.415,35349.0,600519
936,2021-11-11,1709.345,1726.015,1726.015,1697.915,22652.0,600519
937,2021-11-12,1734.415,1730.195,1741.465,1723.075,17607.0,600519
938,2021-11-15,1730.095,1717.555,1740.415,1706.415,24947.0,600519
939,2021-11-16,1724.415,1764.415,1774.415,1721.415,33526.0,600519
940,2021-11-17,1761.415,1751.415,1776.915,1746.425,24505.0,600519
941,2021-11-18,1737.635,1748.415,1763.415,1726.415,19521.0,600519
942,2021-11-19,1750.605,1784.825,1805.415,1744.615,31156.0,600519
943,2021-11-22,1805.415,1810.685,1865.415,1804.415,42573.0,600519
944,2021-11-23,1808.415,1852.845,1873.415,1808.415,45782.0,600519
945,2021-11-24,1856.415,1897.415,1922.415,1853.415,54512.0,600519
946,2021-11-25,1909.415,1912.445,1942.615,1902.665,39753.0,600519
947,2021-11-26,1921.245,1897.425,1923.415,1881.415,32656.0,600519
948,2021-11-29,1916.415,1941.415,1946.415,1907.495,42399.0,600519
949,2021-11-30,1941.815,1887.185,1946.315,1883.915,36925.0,600519
950,2021-12-01,1906.415,1889.405,1916.365,1875.435,26254.0,600519
951,2021-12-02,1896.415,1890.415,1898.565,1876.015,20422.0,600519
952,2021-12-03,1888.415,1928.295,1945.035,1887.465,35818.0,600519
953,2021-12-06,1939.415,1923.715,1946.415,1906.415,31064.0,600519
954,2021-12-07,1937.155,1912.285,1944.285,1903.145,36980.0,600519
955,2021-12-08,1921.295,1999.415,2001.415,1906.415,61048.0,600519
956,2021-12-09,2011.355,2042.965,2073.335,2001.415,64239.0,600519
957,2021-12-10,2016.415,2046.415,2052.195,2012.415,43148.0,600519
958,2021-12-13,2110.415,2074.615,2136.415,2074.415,65807.0,600519
959,2021-12-14,2074.615,2106.415,2124.315,2056.415,40449.0,600519
960,2021-12-15,2098.565,2091.415,2121.365,2081.435,30078.0,600519
961,2021-12-16,2071.415,2075.405,2100.465,2042.645,37211.0,600519
962,2021-12-17,2056.915,2007.115,2064.415,1992.415,48403.0,600519
963,2021-12-20,2007.115,2015.375,2042.075,1997.415,32258.0,600519
964,2021-12-21,2001.415,1994.615,2025.545,1969.245,26286.0,600519
965,2021-12-22,1996.415,2004.415,2019.415,1996.415,17431.0,600519
966,2021-12-23,2009.415,2076.415,2076.415,1981.415,39099.0,600519
967,2021-12-24,2105.295,2150.505,2173.375,2105.295,56130.0,600519
968,2021-12-27,2124.415,2088.235,2124.415,2068.415,37556.0,600519
969,2021-12-28,2089.415,2094.595,2111.915,2073.015,27651.0,600519
970,2021-12-29,2106.415,1997.415,2110.665,1997.415,54049.0,600519
971,2021-12-30,1997.415,2031.415,2045.395,1984.415,35261.0,600519
972,2021-12-31,2026.415,2006.415,2029.395,1984.415,29665.0,600519
973,2022-01-04,2011.415,2007.645,2025.365,1970.415,33843.0,600519
974,2022-01-05,2001.415,1980.415,2021.415,1974.415,28396.0,600519
975,2022-01-06,1978.425,1938.635,1992.415,1894.925,51795.0,600519
976,2022-01-07,1931.415,1898.415,1945.295,1895.735,29817.0,600519
977,2022-01-10,1884.425,1922.415,1933.415,1873.965,29627.0,600519
978,2022-01-11,1904.415,1896.965,1921.415,1887.585,22277.0,600519
979,2022-01-12,1904.415,1923.415,1935.215,1904.415,27474.0,600519
980,2022-01-13,1921.235,1833.805,1924.405,1821.975,56747.0,600519
981,2022-01-14,1833.805,1823.415,1849.415,1819.415,29322.0,600519
982,2022-01-17,1824.415,1818.025,1834.715,1791.755,27354.0,600519
983,2022-01-18,1818.095,1848.685,1865.265,1808.415,31216.0,600519
984,2022-01-19,1875.415,1868.415,1875.415,1845.295,26371.0,600519
985,2022-01-20,1872.415,1925.935,1936.405,1872.415,34014.0,600519
986,2022-01-21,1916.415,1941.405,1949.905,1907.425,30813.0,600519
987,2022-01-24,1911.415,1906.615,1940.415,1887.855,23986.0,600519
988,2022-01-25,1899.415,1899.415,1922.415,1887.415,25510.0,600519
989,2022-01-26,1898.455,1911.415,1925.415,1875.415,23905.0,600519
990,2022-01-27,1957.425,1921.415,1967.235,1908.415,42665.0,600519
991,2022-01-28,1911.415,1843.415,1924.415,1836.425,41020.0,600519
992,2022-02-07,1857.405,1824.375,1869.975,1806.415,35150.0,600519
993,2022-02-08,1825.295,1795.415,1829.285,1746.415,41713.0,600519
994,2022-02-09,1795.505,1852.395,1864.415,1783.385,33885.0,600519
995,2022-02-10,1856.415,1829.415,1862.315,1813.805,23032.0,600519
996,2022-02-11,1813.415,1806.385,1857.205,1797.415,33746.0,600519
997,2022-02-14,1796.415,1825.085,1833.415,1793.725,20196.0,600519
998,2022-02-15,1825.215,1847.035,1867.415,1815.415,27106.0,600519
999,2022-02-16,1856.415,1848.965,1863.415,1844.415,14587.0,600519
1000,2022-02-17,1857.025,1843.405,1867.895,1837.415,18214.0,600519
1001,2022-02-18,1834.045,1863.415,1864.395,1822.075,19385.0,600519
1002,2022-02-21,1856.415,1833.405,1863.315,1825.365,20816.0,600519
1003,2022-02-22,1816.425,1764.285,1817.415,1756.435,52299.0,600519
1004,2022-02-23,1767.825,1783.425,1790.415,1756.495,28112.0,600519
1005,2022-02-24,1764.415,1720.525,1770.405,1704.515,65359.0,600519
1006,2022-02-25,1731.415,1755.475,1764.695,1731.415,38979.0,600519
1007,2022-02-28,1743.475,1746.815,1753.415,1723.415,28923.0,600519
1008,2022-03-01,1758.415,1814.895,1819.985,1758.415,47379.0,600519
1009,2022-03-02,1796.415,1801.295,1807.405,1781.415,20074.0,600519
1010,2022-03-03,1802.215,1756.415,1806.665,1750.415,31547.0,600519
1011,2022-03-04,1728.415,1736.915,1749.305,1711.515,31047.0,600519
1012,2022-03-07,1716.615,1663.415,1724.415,1660.215,49156.0,600519
1013,2022-03-08,1716.395,1709.615,1743.075,1688.415,57215.0,600519
1014,2022-03-09,1720.515,1735.595,1761.415,1677.525,56434.0,600519
1015,2022-03-10,1764.415,1750.845,1777.415,1747.415,36462.0,600519
1016,2022-03-11,1722.415,1725.425,1733.415,1674.495,47727.0,600519
1017,2022-03-14,1686.415,1656.415,1706.415,1656.415,49007.0,600519
1018,2022-03-15,1606.415,1559.415,1641.415,1559.415,89056.0,600519
1019,2022-03-16,1590.415,1631.365,1640.315,1549.415,77593.0,600519
1020,2022-03-17,1676.415,1676.565,1711.415,1668.075,68352.0,600519
1021,2022-03-18,1674.415,1664.205,1701.415,1648.695,38349.0,600519
1022,2022-03-21,1680.415,1660.715,1682.065,1651.425,27877.0,600519
1023,2022-03-22,1680.295,1651.415,1680.295,1642.745,21054.0,600519
1024,2022-03-23,1661.415,1708.605,1726.415,1653.415,58067.0,600519
1025,2022-03-24,1694.415,1677.345,1696.415,1673.765,25815.0,600519
1026,2022-03-25,1668.415,1646.415,1690.415,1641.415,29709.0,600519
1027,2022-03-28,1581.415,1617.215,1621.215,1560.415,57542.0,600519
1028,2022-03-29,1617.915,1623.415,1647.915,1617.915,25935.0,600519
1029,2022-03-30,1654.415,1686.515,1686.515,1651.415,42433.0,600519
1030,2022-03-31,1676.415,1675.415,1695.015,1665.215,25174.0,600519
1031,2022-04-01,1686.355,1736.425,1749.415,1678.105,44862.0,600519
1032,2022-04-06,1709.415,1721.415,1745.145,1709.415,27820.0,600519
1033,2022-04-07,1714.415,1721.415,1741.415,1706.515,20196.0,600519
1034,2022-04-08,1724.415,1740.415,1745.115,1722.955,22941.0,600519
1035,2022-04-11,1726.415,1676.415,1726.415,1662.445,43864.0,600519
1036,2022-04-12,1685.415,1738.415,1744.385,1664.415,41630.0,600519
1037,2022-04-13,1723.415,1725.415,1751.415,1707.495,31148.0,600519
1038,2022-04-14,1744.415,1765.415,1792.315,1736.615,37650.0,600519
1039,2022-04-15,1758.615,1762.405,1774.415,1752.305,21041.0,600519
1040,2022-04-18,1737.545,1747.235,1754.415,1724.415,19793.0,600519
1041,2022-04-19,1756.415,1746.715,1789.405,1731.915,24205.0,600519
1042,2022-04-20,1758.105,1753.415,1776.415,1725.095,24156.0,600519
1043,2022-04-21,1746.615,1736.395,1762.415,1726.415,28953.0,600519
1044,2022-04-22,1719.415,1729.415,1744.295,1716.595,27900.0,600519
1045,2022-04-25,1706.415,1664.415,1732.915,1658.415,53658.0,600519
1046,2022-04-26,1659.745,1688.895,1705.395,1656.415,44564.0,600519
1047,2022-04-27,1723.535,1751.335,1766.415,1723.535,57402.0,600519
1048,2022-04-28,1749.415,1791.415,1801.415,1742.915,44010.0,600519
1049,2022-04-29,1792.415,1784.795,1805.415,1767.395,34885.0,600519
1050,2022-05-05,1786.415,1793.415,1826.415,1785.395,33661.0,600519
1051,2022-05-06,1771.405,1749.415,1775.415,1737.415,28596.0,600519
1052,2022-05-09,1736.415,1708.415,1736.415,1694.415,30352.0,600519
1053,2022-05-10,1676.415,1722.605,1741.375,1661.425,40119.0,600519
1054,2022-05-11,1711.415,1724.415,1744.895,1708.415,30313.0,600519
1055,2022-05-12,1709.415,1719.085,1734.415,1706.415,22038.0,600519
1056,2022-05-13,1736.415,1734.655,1754.355,1722.415,20731.0,600519
1057,2022-05-16,1753.415,1714.415,1753.415,1699.085,27765.0,600519
1058,2022-05-17,1726.295,1724.415,1731.415,1711.415,20145.0,600519
1059,2022-05-18,1730.075,1717.415,1730.335,1699.435,24850.0,600519
1060,2022-05-19,1701.415,1712.415,1713.415,1695.415,19776.0,600519
1061,2022-05-20,1716.405,1756.425,1757.565,1708.415,41950.0,600519
1062,2022-05-23,1756.415,1737.415,1760.305,1728.415,22157.0,600519
1063,2022-05-24,1742.415,1716.415,1743.415,1711.915,27342.0,600519
1064,2022-05-25,1721.685,1711.925,1728.415,1703.415,22389.0,600519
1065,2022-05-26,1717.415,1699.215,1717.415,1686.415,28053.0,600519
1066,2022-05-27,1716.405,1711.575,1736.415,1709.425,25120.0,600519
1067,2022-05-30,1722.415,1734.825,1746.965,1722.415,34466.0,600519
1068,2022-05-31,1731.185,1760.445,1771.315,1723.395,40751.0,600519
1069,2022-06-01,1758.415,1744.665,1771.195,1735.415,21760.0,600519
1070,2022-06-02,1744.385,1742.415,1752.215,1736.415,16915.0,600519
1071,2022-06-06,1746.415,1744.415,1751.415,1714.415,36741.0,600519
1072,2022-06-07,1740.555,1774.315,1781.415,1726.725,35049.0,600519
1073,2022-06-08,1781.415,1822.015,1838.415,1781.415,44354.0,600519
1074,2022-06-09,1828.415,1809.415,1844.765,1805.415,26329.0,600519
1075,2022-06-10,1801.425,1857.015,1863.415,1791.415,47345.0,600519
1076,2022-06-13,1846.415,1812.415,1848.415,1804.495,36755.0,600519
1077,2022-06-14,1790.415,1827.415,1831.835,1788.415,29416.0,600519
1078,2022-06-15,1826.415,1831.515,1861.415,1819.405,33664.0,600519
1079,2022-06-16,1851.005,1833.415,1864.045,1831.745,26887.0,600519
1080,2022-06-17,1834.505,1907.415,1908.415,1834.505,50542.0,600519
1081,2022-06-20,1906.415,1898.435,1926.415,1886.415,34975.0,600519
1082,2022-06-21,1905.415,1902.155,1923.405,1884.415,23717.0,600519
1083,2022-06-22,1911.415,1892.415,1914.415,1888.415,19647.0,600519
1084,2022-06-23,1899.115,1913.515,1921.455,1896.415,26844.0,600519
1085,2022-06-24,1926.415,1965.425,1976.415,1921.415,39635.0,600519
1086,2022-06-27,1976.355,1966.965,2006.355,1956.715,40115.0,600519
1087,2022-06-28,1976.155,1992.415,1997.415,1957.415,25246.0,600519
1088,2022-06-29,1984.415,1986.415,1998.415,1967.425,30360.0,600519
1089,2022-06-30,1978.09,2023.09,2055.09,1978.08,38982.0,600519
1090,2022-07-01,2033.09,2007.14,2045.86,1993.3,21596.0,600519
1091,2022-07-04,1998.1,1996.09,2002.38,1979.1,25076.0,600519
1092,2022-07-05,2003.37,2011.1,2032.54,1988.09,26329.0,600519
1093,2022-07-06,2010.09,1980.09,2017.09,1964.09,32752.0,600519
1094,2022-07-07,1983.09,1968.09,1987.44,1963.1,20932.0,600519
1095,2022-07-08,1983.09,1977.09,1992.98,1974.25,15644.0,600519
1096,2022-07-11,1968.29,1941.69,1972.86,1928.59,23949.0,600519
1097,2022-07-12,1943.09,1926.5,1950.89,1908.15,23447.0,600519
1098,2022-07-13,1923.09,1936.98,1950.09,1918.76,19854.0,600519
1099,2022-07-14,1938.09,1931.09,1954.89,1919.09,20527.0,600519
1100,2022-07-15,1923.2,1927.59,1977.77,1922.6,33416.0,600519
1101,2022-07-18,1930.45,1929.75,1937.09,1900.09,24221.0,600519
1102,2022-07-19,1923.09,1921.19,1929.74,1904.09,21956.0,600519
1103,2022-07-20,1936.84,1928.19,1948.09,1923.09,18705.0,600519
1104,2022-07-21,1921.19,1917.09,1933.99,1912.6,14061.0,600519
1105,2022-07-22,1927.31,1925.09,1940.09,1913.09,25114.0,600519
1106,2022-07-25,1927.6,1922.74,1930.39,1909.09,16912.0,600519
1107,2022-07-26,1931.08,1928.3,1943.06,1925.11,20685.0,600519
1108,2022-07-27,1920.09,1897.69,1926.09,1895.09,21490.0,600519
1109,2022-07-28,1899.19,1876.09,1916.09,1870.75,34870.0,600519
1110,2022-07-29,1873.19,1876.53,1897.08,1856.19,37032.0,600519
1111,2022-08-01,1868.1,1868.39,1886.09,1859.27,21037.0,600519
1112,2022-08-02,1858.09,1858.07,1866.07,1836.1,28221.0,600519
1113,2022-08-03,1868.08,1863.09,1882.09,1855.09,24598.0,600519
1114,2022-08-04,1868.09,1894.1,1901.19,1858.22,30357.0,600519
1115,2022-08-05,1905.89,1902.05,1913.09,1882.99,20086.0,600519
1116,2022-08-08,1893.24,1889.62,1910.97,1885.6,16799.0,600519
1117,2022-08-09,1889.62,1888.09,1897.08,1883.09,13875.0,600519
1118,2022-08-10,1888.07,1854.09,1896.09,1842.67,27927.0,600519
1119,2022-08-11,1864.09,1884.99,1885.09,1856.1,26061.0,600519
1120,2022-08-12,1884.99,1906.09,1908.09,1878.09,20260.0,600519
1121,2022-08-15,1898.55,1897.98,1917.59,1893.64,19323.0,600519
1122,2022-08-16,1902.03,1895.93,1911.88,1894.09,14836.0,600519
1123,2022-08-17,1908.09,1896.09,1908.09,1873.09,18361.0,600519
1124,2022-08-18,1886.09,1873.59,1891.17,1859.16,23168.0,600519
1125,2022-08-19,1876.09,1873.1,1886.44,1866.09,13544.0,600519
1126,2022-08-22,1863.1,1872.07,1885.09,1859.47,15427.0,600519
1127,2022-08-23,1876.69,1848.1,1876.69,1845.09,23756.0,600519
1128,2022-08-24,1848.08,1832.29,1853.32,1829.09,18728.0,600519
1129,2022-08-25,1837.09,1863.09,1866.09,1832.29,21925.0,600519
1130,2022-08-26,1878.09,1876.09,1890.09,1864.09,23142.0,600519
1131,2022-08-29,1861.09,1856.91,1878.06,1852.09,13570.0,600519
1132,2022-08-30,1860.44,1848.09,1863.09,1832.29,18235.0,600519
1133,2022-08-31,1838.19,1902.09,1903.65,1838.1,44692.0,600519
1134,2022-09-01,1890.24,1858.98,1894.09,1858.98,26845.0,600519
1135,2022-09-02,1868.03,1853.09,1871.05,1844.26,19391.0,600519
1136,2022-09-05,1840.73,1813.09,1847.09,1798.09,36822.0,600519
1137,2022-09-06,1813.45,1823.09,1826.29,1803.09,20830.0,600519
1138,2022-09-07,1813.12,1796.1,1815.75,1789.1,28306.0,600519
1139,2022-09-08,1798.09,1793.09,1810.09,1793.09,16591.0,600519
1140,2022-09-09,1803.09,1822.88,1830.09,1794.09,27090.0,600519
1141,2022-09-13,1858.09,1857.09,1866.47,1836.32,28693.0,600519
1142,2022-09-14,1842.1,1847.09,1858.09,1841.09,16042.0,600519
1143,2022-09-15,1848.09,1858.09,1871.21,1848.05,20810.0,600519
1144,2022-09-16,1849.89,1837.09,1863.69,1833.2,24121.0,600519
1145,2022-09-19,1833.09,1849.73,1866.68,1830.97,18584.0,600519
1146,2022-09-20,1848.07,1856.09,1862.69,1836.64,14116.0,600519
1147,2022-09-21,1854.76,1826.09,1861.09,1826.09,20995.0,600519
1148,2022-09-22,1818.09,1798.9,1819.11,1794.94,22704.0,600519
1149,2022-09-23,1798.9,1812.52,1833.09,1798.9,28288.0,600519
1150,2022-09-26,1798.09,1841.09,1866.09,1798.07,35135.0,600519
1151,2022-09-27,1846.95,1866.09,1875.09,1829.2,28820.0,600519
1152,2022-09-28,1858.59,1861.09,1877.49,1852.1,21446.0,600519
1153,2022-09-29,1876.07,1858.44,1880.27,1849.22,21590.0,600519
1154,2022-09-30,1876.71,1850.59,1880.08,1844.09,21289.0,600519
1155,2022-10-10,1868.09,1764.09,1869.09,1758.29,48584.0,600519
1156,2022-10-11,1767.09,1758.08,1784.09,1738.09,32047.0,600519
1157,2022-10-12,1751.75,1738.09,1757.09,1686.09,48195.0,600519
1158,2022-10-13,1698.55,1678.08,1713.09,1675.09,63969.0,600519
1159,2022-10-14,1688.09,1715.7,1733.09,1680.03,46520.0,600519
1160,2022-10-17,1704.09,1696.59,1706.08,1675.89,33550.0,600519
1161,2022-10-18,1703.09,1683.92,1708.09,1679.09,28083.0,600519
1162,2022-10-19,1680.07,1626.09,1680.07,1626.09,60121.0,600519
1163,2022-10-20,1599.09,1621.59,1646.52,1589.09,42778.0,600519
1164,2022-10-21,1618.09,1602.09,1625.89,1588.09,38907.0,600519
1165,2022-10-24,1548.09,1479.37,1567.09,1466.1,132098.0,600519
1166,2022-10-25,1457.51,1457.84,1493.09,1450.09,81362.0,600519
1167,2022-10-26,1466.89,1442.17,1493.08,1438.09,81781.0,600519
1168,2022-10-27,1458.09,1379.09,1466.07,1361.94,107106.0,600519
1169,2022-10-28,1368.86,1338.09,1384.09,1336.8,93143.0,600519
1170,2022-10-31,1328.09,1328.09,1360.1,1311.09,71847.0,600519
1171,2022-11-01,1337.09,1440.1,1447.49,1337.09,118766.0,600519
1172,2022-11-02,1438.09,1450.05,1484.09,1414.09,79777.0,600519
1173,2022-11-03,1421.66,1417.59,1440.59,1406.19,45160.0,600519
1174,2022-11-04,1416.05,1494.66,1505.86,1416.05,80008.0,600519
1175,2022-11-07,1472.14,1485.2,1496.57,1464.68,42698.0,600519
1176,2022-11-08,1486.09,1462.97,1496.08,1447.05,39325.0,600519
1177,2022-11-09,1462.04,1437.99,1466.97,1428.09,36090.0,600519
1178,2022-11-10,1422.09,1453.09,1463.09,1413.24,37720.0,600519
1179,2022-11-11,1506.09,1506.24,1522.54,1473.07,73947.0,600519
1180,2022-11-14,1521.59,1511.09,1541.62,1506.09,57370.0,600519
1181,2022-11-15,1510.09,1566.09,1577.06,1499.09,56318.0,600519
1182,2022-11-16,1559.09,1563.34,1576.09,1546.09,26848.0,600519
1183,2022-11-17,1568.59,1545.09,1574.39,1530.97,30580.0,600519
1184,2022-11-18,1554.09,1545.22,1562.09,1534.09,23609.0,600519
1185,2022-11-21,1519.44,1498.07,1519.44,1476.62,39096.0,600519
1186,2022-11-22,1495.53,1518.04,1537.83,1494.2,29901.0,600519
1187,2022-11-23,1506.09,1527.09,1535.09,1499.13,22177.0,600519
1188,2022-11-24,1537.09,1498.08,1546.97,1492.07,27687.0,600519
1189,2022-11-25,1498.6,1500.1,1510.09,1488.09,18621.0,600519
1190,2022-11-28,1462.87,1487.97,1493.09,1429.09,47723.0,600519
1191,2022-11-29,1547.65,1577.09,1578.09,1529.09,73420.0,600519
1192,2022-11-30,1565.21,1577.09,1582.09,1563.09,31497.0,600519
1193,2022-12-01,1638.09,1608.89,1658.09,1608.88,51358.0,600519
1194,2022-12-02,1613.09,1611.97,1631.08,1599.29,23884.0,600519
1195,2022-12-05,1646.09,1642.99,1657.09,1627.09,36127.0,600519
1196,2022-12-06,1633.09,1666.09,1704.99,1630.09,44147.0,600519
1197,2022-12-07,1655.9,1662.09,1698.09,1648.12,35526.0,600519
1198,2022-12-08,1660.09,1665.11,1673.09,1643.09,19730.0,600519
1199,2022-12-09,1670.09,1708.09,1708.09,1660.09,39215.0,600519
1200,2022-12-12,1693.95,1717.11,1744.09,1693.09,34755.0,600519
1201,2022-12-13,1715.09,1728.09,1738.78,1708.09,21385.0,600519
1202,2022-12-14,1721.09,1748.96,1758.89,1721.09,29098.0,600519
1203,2022-12-15,1783.09,1765.08,1794.09,1758.09,30634.0,600519
1204,2022-12-16,1751.34,1764.96,1769.09,1721.09,33303.0,600519
1205,2022-12-19,1776.89,1751.09,1776.89,1738.26,24987.0,600519
1206,2022-12-20,1743.42,1693.09,1743.42,1660.54,46198.0,600519
1207,2022-12-21,1702.09,1717.09,1717.09,1695.74,22816.0,600519
1208,2022-12-22,1734.79,1746.09,1761.09,1723.09,23175.0,600519
1209,2022-12-23,1730.49,1749.09,1760.09,1723.09,17319.0,600519
1210,2022-12-26,1749.09,1720.15,1749.09,1713.11,21384.0,600519
1211,2022-12-27,1738.0,1733.0,1747.15,1725.5,17905.0,600519
1212,2022-12-28,1745.88,1733.0,1747.0,1708.01,21438.0,600519
1213,2022-12-29,1717.0,1719.0,1726.99,1701.05,22418.0,600519
1214,2022-12-30,1736.0,1727.0,1752.99,1727.0,25333.0,600519
1215,2023-01-03,1731.2,1730.01,1738.43,1706.01,26034.0,600519
1216,2023-01-04,1730.0,1725.01,1738.7,1716.0,20416.0,600519
1217,2023-01-05,1737.0,1801.0,1801.0,1733.0,47943.0,600519
1218,2023-01-06,1806.12,1803.77,1811.9,1787.0,24904.0,600519
1219,2023-01-09,1835.0,1841.2,1849.98,1807.82,30977.0,600519
1220,2023-01-10,1839.06,1854.45,1864.5,1830.5,22732.0,600519
1221,2023-01-11,1856.0,1844.95,1860.0,1836.84,22720.0,600519
1222,2023-01-12,1848.0,1834.0,1856.0,1833.0,17193.0,600519
1223,2023-01-13,1844.18,1887.0,1888.0,1840.0,31940.0,600519
1224,2023-01-16,1886.0,1912.9,1935.0,1881.0,36848.0,600519
1225,2023-01-17,1913.16,1908.0,1923.0,1895.0,21299.0,600519
1226,2023-01-18,1914.0,1893.0,1925.3,1890.0,21063.0,600519
1227,2023-01-19,1892.5,1880.21,1892.52,1866.0,23439.0,600519
1228,2023-01-20,1889.19,1860.01,1898.25,1858.0,25609.0,600519
1229,2023-01-30,1909.0,1888.0,1909.0,1880.0,35923.0,600519
1230,2023-01-31,1896.5,1845.76,1899.95,1833.07,32991.0,600519
1231,2023-02-01,1854.98,1844.97,1859.0,1811.4,33974.0,600519
1232,2023-02-02,1848.38,1836.11,1859.0,1826.0,29759.0,600519
1233,2023-02-03,1820.0,1818.0,1826.0,1795.68,34945.0,600519
1234,2023-02-06,1780.0,1795.0,1795.0,1760.0,42661.0,600519
1235,2023-02-07,1808.08,1797.0,1808.8,1787.73,24322.0,600519
1236,2023-02-08,1800.01,1784.0,1805.97,1775.0,16676.0,600519
1237,2023-02-09,1778.0,1818.0,1829.75,1775.01,29754.0,600519
1238,2023-02-10,1810.1,1810.0,1818.49,1801.05,17985.0,600519
1239,2023-02-13,1810.0,1856.35,1874.5,1810.0,38147.0,600519
1240,2023-02-14,1856.46,1843.79,1857.4,1835.0,19566.0,600519
1241,2023-02-15,1843.78,1841.0,1855.3,1835.81,18177.0,600519
1242,2023-02-16,1841.34,1861.82,1887.0,1828.0,33246.0,600519
1243,2023-02-17,1850.16,1820.78,1873.0,1820.05,26443.0,600519
1244,2023-02-20,1821.0,1875.0,1878.8,1817.2,29669.0,600519
1245,2023-02-21,1874.0,1867.0,1874.0,1851.0,18751.0,600519
1246,2023-02-22,1855.01,1836.0,1863.9,1831.8,21869.0,600519
1247,2023-02-23,1840.0,1818.0,1848.8,1805.25,21881.0,600519
1248,2023-02-24,1810.11,1788.0,1810.19,1782.18,24635.0,600519
1249,2023-02-27,1778.5,1810.41,1815.0,1775.02,22065.0,600519
1250,2023-02-28,1819.0,1813.74,1822.01,1783.3,23952.0,600519
1251,2023-03-01,1813.0,1838.53,1848.0,1803.23,24458.0,600519
1252,2023-03-02,1829.0,1828.0,1838.99,1821.1,13144.0,600519
1253,2023-03-03,1839.77,1818.04,1841.61,1802.48,16198.0,600519
1254,2023-03-06,1818.18,1807.14,1818.5,1796.77,20646.0,600519
1255,2023-03-07,1805.98,1788.3,1816.6,1788.0,22785.0,600519
1256,2023-03-08,1780.02,1770.42,1785.94,1761.12,22764.0,600519
1257,2023-03-09,1768.0,1770.02,1785.0,1740.0,27612.0,600519
1258,2023-03-10,1751.57,1750.0,1781.0,1750.0,21161.0,600519
1259,2023-03-13,1751.0,1762.0,1775.0,1749.0,20560.0,600519
1260,2023-03-14,1763.78,1766.0,1779.88,1738.5,23705.0,600519
1261,2023-03-15,1778.37,1750.92,1784.88,1750.12,19213.0,600519
1262,2023-03-16,1740.0,1751.99,1770.0,1739.01,17646.0,600519
1263,2023-03-17,1770.0,1742.0,1775.89,1736.0,27023.0,600519
1264,2023-03-20,1751.0,1729.6,1755.0,1728.0,20491.0,600519
1265,2023-03-21,1735.0,1775.0,1785.85,1723.97,31142.0,600519
1266,2023-03-22,1780.0,1773.35,1793.0,1765.55,15330.0,600519
1267,2023-03-23,1766.0,1774.86,1791.11,1765.01,17356.0,600519
1268,2023-03-24,1769.08,1778.62,1783.6,1766.0,12770.0,600519
1269,2023-03-27,1778.6,1767.79,1778.6,1756.0,15296.0,600519
1270,2023-03-28,1770.0,1781.8,1790.0,1765.02,17261.0,600519
1271,2023-03-29,1799.0,1790.0,1800.0,1785.07,15393.0,600519
1272,2023-03-30,1793.0,1800.0,1805.0,1779.0,19257.0,600519
1273,2023-03-31,1825.0,1820.0,1848.0,1819.0,27446.0,600519
1274,2023-04-03,1825.0,1802.07,1827.77,1800.08,21417.0,600519
1275,2023-04-04,1812.0,1814.59,1815.17,1787.0,20066.0,600519
1276,2023-04-06,1805.0,1796.96,1815.9,1788.22,14874.0,600519
1277,2023-04-07,1795.0,1790.99,1806.01,1788.34,13525.0,600519
1278,2023-04-10,1790.88,1771.7,1790.88,1744.0,29418.0,600519
1279,2023-04-11,1793.0,1745.5,1793.0,1744.0,29209.0,600519
1280,2023-04-12,1747.26,1694.1,1750.0,1692.82,51105.0,600519
1281,2023-04-13,1690.0,1723.0,1723.59,1684.01,29543.0,600519
1282,2023-04-14,1726.0,1713.42,1733.0,1704.8,21232.0,600519
1283,2023-04-17,1740.0,1753.0,1753.0,1728.0,30467.0,600519
1284,2023-04-18,1753.0,1758.0,1769.0,1746.02,18314.0,600519
1285,2023-04-19,1762.0,1759.0,1765.5,1750.0,14601.0,600519
1286,2023-04-20,1760.11,1741.88,1765.0,1729.0,19885.0,600519
1287,2023-04-21,1746.0,1725.47,1748.08,1721.28,18518.0,600519
1288,2023-04-24,1721.0,1705.0,1722.0,1701.0,20231.0,600519
1289,2023-04-25,1706.0,1730.38,1735.98,1702.0,20583.0,600519
1290,2023-04-26,1744.0,1743.91,1761.0,1720.0,27892.0,600519
1291,2023-04-27,1748.0,1757.92,1770.0,1730.0,25605.0,600519
1292,2023-04-28,1763.01,1760.52,1782.77,1753.97,26225.0,600519
1293,2023-05-04,1769.0,1749.9,1777.67,1736.0,27466.0,600519
1294,2023-05-05,1766.0,1750.0,1766.0,1736.39,20714.0,600519
1295,2023-05-08,1768.32,1720.52,1769.0,1717.17,33171.0,600519
1296,2023-05-09,1715.0,1722.0,1739.98,1707.07,29378.0,600519
1297,2023-05-10,1715.19,1725.0,1736.0,1715.0,20773.0,600519
1298,2023-05-11,1731.0,1717.07,1735.0,1715.0,15246.0,600519
1299,2023-05-12,1715.0,1706.4,1729.88,1705.01,19460.0,600519
1300,2023-05-15,1702.0,1716.3,1717.0,1691.2,25740.0,600519
1301,2023-05-16,1713.99,1703.29,1719.99,1697.0,22224.0,600519
1302,2023-05-17,1708.0,1701.0,1713.0,1699.01,16777.0,600519
1303,2023-05-18,1704.99,1691.0,1705.4,1690.0,19219.0,600519
1304,2023-05-19,1671.0,1699.5,1704.33,1655.55,26741.0,600519
1305,2023-05-22,1690.01,1746.0,1752.0,1690.0,41284.0,600519
1306,2023-05-23,1753.99,1724.55,1754.0,1724.55,16894.0,600519
1307,2023-05-24,1732.33,1710.9,1733.55,1710.11,18479.0,600519
1308,2023-05-25,1705.99,1701.0,1710.0,1690.0,22466.0,600519
1309,2023-05-26,1702.0,1690.56,1705.0,1675.01,18291.0,600519
1310,2023-05-29,1697.0,1689.0,1698.35,1678.0,17771.0,600519
1311,2023-05-30,1689.0,1668.29,1698.89,1658.56,26453.0,600519
1312,2023-05-31,1661.01,1628.9,1665.72,1626.67,36957.0,600519
1313,2023-06-01,1618.0,1635.92,1674.99,1618.0,28645.0,600519
1314,2023-06-02,1645.0,1670.6,1673.15,1636.11,25058.0,600519
1315,2023-06-05,1666.16,1665.0,1682.88,1663.0,16201.0,600519
1316,2023-06-06,1670.0,1666.99,1684.0,1651.55,19914.0,600519
1317,2023-06-07,1672.99,1650.9,1678.8,1650.0,17890.0,600519
1318,2023-06-08,1655.83,1668.0,1675.0,1650.01,14703.0,600519
1319,2023-06-09,1671.99,1666.0,1677.97,1666.0,17580.0,600519
1320,2023-06-12,1666.02,1696.0,1708.0,1661.52,27029.0,600519
1321,2023-06-13,1693.88,1699.0,1704.61,1685.0,14663.0,600519
1322,2023-06-14,1719.0,1726.88,1734.24,1706.21,31506.0,600519
1323,2023-06-15,1730.34,1755.0,1755.65,1723.0,25223.0,600519
1324,2023-06-16,1757.0,1797.69,1800.0,1750.1,37918.0,600519
1325,2023-06-19,1790.0,1744.0,1797.95,1738.0,31700.0,600519
1326,2023-06-20,1740.0,1743.46,1765.0,1735.0,20947.0,600519
1327,2023-06-21,1740.0,1735.83,1756.6,1735.0,17721.0,600519
1328,2023-06-26,1720.11,1709.0,1730.0,1695.0,23993.0,600519
1329,2023-06-27,1709.99,1711.05,1719.7,1700.09,15174.0,600519
1330,2023-06-28,1713.18,1728.38,1734.0,1711.0,18574.0,600519
1331,2023-06-29,1731.0,1713.71,1734.99,1713.01,14231.0,600519
